Plate,Row,Column,Well,Sample,FEC,Reads,Forward Primer,Reverse Primer,Forward Tag*,Reverse Tag*,Tag Combo,Species
9,A,6,A_6,PNG_17_023,296,0,NC2_R_Tag21,NC1_F_Tag31,TTAACGCG,CACATGAT,CACATGAT:TTAACGCG,Impala
9,B,6,B_6,PNG_17_024,267,3058,NC2_R_Tag22,NC1_F_Tag31,AACAACCG,CACATGAT,CACATGAT:AACAACCG,Impala
9,C,6,C_6,PNG_17_030,69,0,NC2_R_Tag23,NC1_F_Tag31,ATGTTGGC,CACATGAT,CACATGAT:ATGTTGGC,Impala
9,D,6,D_6,PNG_17_032,0,0,NC2_R_Tag24,NC1_F_Tag31,AATGCAGC,CACATGAT,CACATGAT:AATGCAGC,Impala
9,E,6,E_6,PNG_17_033,1001,6691,NC2_R_Tag25,NC1_F_Tag31,ACACACAC,CACATGAT,CACATGAT:ACACACAC,Warthog
9,G,6,G_6,PNG_17_034,679,4576,NC2_R_Tag27,NC1_F_Tag31,TATGTCAG,CACATGAT,CACATGAT:TATGTCAG,Warthog
9,H,6,H_6,PNG_17_036,300,0,NC2_R_Tag28,NC1_F_Tag31,TAGTCGCA,CACATGAT,CACATGAT:TAGTCGCA,Impala
9,A,7,A_7,PNG_17_038,694,7584,NC2_R_Tag21,NC1_F_Tag30,TTAACGCG,TCAGTGTC,TCAGTGTC:TTAACGCG,Warthog
9,B,7,B_7,PNG_17_039,990,47553,NC2_R_Tag22,NC1_F_Tag30,AACAACCG,TCAGTGTC,TCAGTGTC:AACAACCG,Warthog
9,C,7,C_7,PNG_17_040,92,44674,NC2_R_Tag23,NC1_F_Tag30,ATGTTGGC,TCAGTGTC,TCAGTGTC:ATGTTGGC,Warthog
9,D,7,D_7,PNG_17_041,231,29163,NC2_R_Tag24,NC1_F_Tag30,AATGCAGC,TCAGTGTC,TCAGTGTC:AATGCAGC,Warthog
9,F,7,F_7,PNG_17_046,1472,47582,NC2_R_Tag26,NC1_F_Tag30,GTGTACAT,TCAGTGTC,TCAGTGTC:GTGTACAT,Warthog
9,H,7,H_7,PNG_17_048,555,22735,NC2_R_Tag28,NC1_F_Tag30,TAGTCGCA,TCAGTGTC,TCAGTGTC:TAGTCGCA,Warthog
9,A,8,A_8,PNG_17_054,68,0,NC2_R_Tag21,NC1_F_Tag29,TTAACGCG,GTACGACT,GTACGACT:TTAACGCG,Warthog
9,B,8,B_8,PNG_17_055,366,0,NC2_R_Tag22,NC1_F_Tag29,AACAACCG,GTACGACT,GTACGACT:AACAACCG,Impala
9,C,8,C_8,PNG_17_058,23,0,NC2_R_Tag23,NC1_F_Tag29,ATGTTGGC,GTACGACT,GTACGACT:ATGTTGGC,Impala
9,D,8,D_8,PNG_17_059,368,0,NC2_R_Tag24,NC1_F_Tag29,AATGCAGC,GTACGACT,GTACGACT:AATGCAGC,Impala
9,E,8,E_8,PNG_17_064,258,9026,NC2_R_Tag25,NC1_F_Tag29,ACACACAC,GTACGACT,GTACGACT:ACACACAC,Warthog
9,F,8,F_8,PNG_17_066,229,5299,NC2_R_Tag26,NC1_F_Tag29,GTGTACAT,GTACGACT,GTACGACT:GTGTACAT,Warthog
9,B,4,B_4,PNG_17_086,0,2682,NC2_R_Tag22,NC1_F_Tag33,AACAACCG,TCTACTGA,TCTACTGA:AACAACCG,Impala
9,C,4,C_4,PNG_17_088,162,10364,NC2_R_Tag23,NC1_F_Tag33,ATGTTGGC,TCTACTGA,TCTACTGA:ATGTTGGC,Impala
9,E,10,E_10,PNG_17_092,91,0,NC2_R_Tag25,NC1_F_Tag27,ACACACAC,TATGTCAG,TATGTCAG:ACACACAC,Impala
9,F,9,F_9,PNG_17_098,985,7304,NC2_R_Tag26,NC1_F_Tag28,GTGTACAT,TAGTCGCA,TAGTCGCA:GTGTACAT,Warthog
9,F,10,F_10,PNG_17_099,305,0,NC2_R_Tag26,NC1_F_Tag27,GTGTACAT,TATGTCAG,TATGTCAG:GTGTACAT,Impala
9,G,9,G_9,PNG_17_100,323,0,NC2_R_Tag27,NC1_F_Tag28,TATGTCAG,TAGTCGCA,TAGTCGCA:TATGTCAG,Warthog
9,H,9,H_9,PNG_17_105,716,0,NC2_R_Tag28,NC1_F_Tag28,TAGTCGCA,TAGTCGCA,TAGTCGCA:TAGTCGCA,Warthog
9,D,9,D_9,PNG_17_106,563,5761,NC2_R_Tag24,NC1_F_Tag28,AATGCAGC,TAGTCGCA,TAGTCGCA:AATGCAGC,Warthog
9,E,9,E_9,PNG_17_108,1239,7191,NC2_R_Tag25,NC1_F_Tag28,ACACACAC,TAGTCGCA,TAGTCGCA:ACACACAC,Warthog
9,E,4,E_4,PNG_17_110,349,11074,NC2_R_Tag25,NC1_F_Tag33,ACACACAC,TCTACTGA,TCTACTGA:ACACACAC,Warthog
9,H,4,H_4,PNG_17_112,23,0,NC2_R_Tag28,NC1_F_Tag33,TAGTCGCA,TCTACTGA,TCTACTGA:TAGTCGCA,Impala
9,F,5,F_5,PNG_17_113,116,34073,NC2_R_Tag26,NC1_F_Tag32,GTGTACAT,GCGTCAGC,GCGTCAGC:GTGTACAT,Warthog
9,A,5,A_5,PNG_17_114,94,0,NC2_R_Tag21,NC1_F_Tag32,TTAACGCG,GCGTCAGC,GCGTCAGC:TTAACGCG,Impala
9,H,5,H_5,PNG_17_124,373,13251,NC2_R_Tag28,NC1_F_Tag32,TAGTCGCA,GCGTCAGC,GCGTCAGC:TAGTCGCA,Warthog
9,G,5,G_5,PNG_17_126,117,0,NC2_R_Tag27,NC1_F_Tag32,TATGTCAG,GCGTCAGC,GCGTCAGC:TATGTCAG,Impala
9,D,5,D_5,PNG_17_127,116,10248,NC2_R_Tag24,NC1_F_Tag32,AATGCAGC,GCGTCAGC,GCGTCAGC:AATGCAGC,Impala
9,C,5,C_5,PNG_17_137,305,14509,NC2_R_Tag23,NC1_F_Tag32,ATGTTGGC,GCGTCAGC,GCGTCAGC:ATGTTGGC,Impala
9,B,5,B_5,PNG_17_138,329,10524,NC2_R_Tag22,NC1_F_Tag32,AACAACCG,GCGTCAGC,GCGTCAGC:AACAACCG,Impala
