Plate,Row,Column,Well,Sample,Forward Primer,Reverse Primer,Forward Tag*,Reverse Tag*,Tag Combo,Species
1,A,1,A_1,Primer,NC1_F_Tag1,NC2_R_Tag1,GAGAGAGT,GAGAGAGT,GAGAGAGT:GAGAGAGT,Primer
1,B,1,B_1,BUF_105,NC1_F_Tag2,NC2_R_Tag1,CCTATAGC,GAGAGAGT,CCTATAGC:GAGAGAGT,Buffalo
1,C,1,C_1,DIK_17,NC1_F_Tag3,NC2_R_Tag1,CTATGGAG,GAGAGAGT,CTATGGAG:GAGAGAGT,Dik-dik
1,D,1,D_1,DIK_33,NC1_F_Tag4,NC2_R_Tag1,GGTCTACA,GAGAGAGT,GGTCTACA:GAGAGAGT,Dik-dik
1,E,1,E_1,GGA_203,NC1_F_Tag5,NC2_R_Tag1,CACTAGTC,GAGAGAGT,CACTAGTC:GAGAGAGT,Grants Gazelle
1,F,1,F_1,IMP_201,NC1_F_Tag6,NC2_R_Tag1,GATCGGTA,GAGAGAGT,GATCGGTA:GAGAGAGT,Impala
1,G,1,G_1,IMP_31,NC1_F_Tag7,NC2_R_Tag1,CCTCATCT,GAGAGAGT,CCTCATCT:GAGAGAGT,Impala
1,H,1,H_1,HAR_204,NC1_F_Tag8,NC2_R_Tag1,CGATATCC,GAGAGAGT,CGATATCC:GAGAGAGT,Hartebeest
1,A,2,A_2,IMP_210,NC1_F_Tag1,NC2_R_Tag2,GAGAGAGT,CCTATAGC,GAGAGAGT:CCTATAGC,Impala
1,B,2,B_2,Primer,NC1_F_Tag2,NC2_R_Tag2,CCTATAGC,CCTATAGC,CCTATAGC:CCTATAGC,Primer
1,C,2,C_2,GIR_115R,NC1_F_Tag3,NC2_R_Tag2,CTATGGAG,CCTATAGC,CTATGGAG:CCTATAGC,Giraffe
1,D,2,D_2,IMP_202,NC1_F_Tag4,NC2_R_Tag2,GGTCTACA,CCTATAGC,GGTCTACA:CCTATAGC,Impala
1,E,2,E_2,IMP_20,NC1_F_Tag5,NC2_R_Tag2,CACTAGTC,CCTATAGC,CACTAGTC:CCTATAGC,Impala
1,F,2,F_2,BUF_32,NC1_F_Tag6,NC2_R_Tag2,GATCGGTA,CCTATAGC,GATCGGTA:CCTATAGC,Buffalo
1,G,2,G_2,DIK_09,NC1_F_Tag7,NC2_R_Tag2,CCTCATCT,CCTATAGC,CCTCATCT:CCTATAGC,Dik-dik
1,H,2,H_2,HIP_210,NC1_F_Tag8,NC2_R_Tag2,CGATATCC,CCTATAGC,CGATATCC:CCTATAGC,Hippo
1,A,3,A_3,GIR_218,NC1_F_Tag1,NC2_R_Tag3,GAGAGAGT,CTATGGAG,GAGAGAGT:CTATGGAG,Giraffe
1,B,3,B_3,IMP_123,NC1_F_Tag2,NC2_R_Tag3,CCTATAGC,CTATGGAG,CCTATAGC:CTATGGAG,Impala
1,C,3,C_3,Primer,NC1_F_Tag3,NC2_R_Tag3,CTATGGAG,CTATGGAG,CTATGGAG:CTATGGAG,Primer
1,D,3,D_3,GIR_108,NC1_F_Tag4,NC2_R_Tag3,GGTCTACA,CTATGGAG,GGTCTACA:CTATGGAG,Giraffe
1,E,3,E_3,BUF_10,NC1_F_Tag5,NC2_R_Tag3,CACTAGTC,CTATGGAG,CACTAGTC:CTATGGAG,Buffalo
1,F,3,F_3,GGA_110,NC1_F_Tag6,NC2_R_Tag3,GATCGGTA,CTATGGAG,GATCGGTA:CTATGGAG,Grants Gazelle
1,G,3,G_3,GGA_114,NC1_F_Tag7,NC2_R_Tag3,CCTCATCT,CTATGGAG,CCTCATCT:CTATGGAG,Grants Gazelle
1,H,3,H_3,ELE_229,NC1_F_Tag8,NC2_R_Tag3,CGATATCC,CTATGGAG,CGATATCC:CTATGGAG,Elephant
1,A,4,A_4,IMP_216,NC1_F_Tag1,NC2_R_Tag4,GAGAGAGT,GGTCTACA,GAGAGAGT:GGTCTACA,Impala
1,B,4,B_4,BUF_08,NC1_F_Tag2,NC2_R_Tag4,CCTATAGC,GGTCTACA,CCTATAGC:GGTCTACA,Buffalo
1,C,4,C_4,DIK_20,NC1_F_Tag3,NC2_R_Tag4,CTATGGAG,GGTCTACA,CTATGGAG:GGTCTACA,Dik-dik
1,D,4,D_4,Primer,NC1_F_Tag4,NC2_R_Tag4,GGTCTACA,GGTCTACA,GGTCTACA:GGTCTACA,Primer
1,E,4,E_4,BUF_11,NC1_F_Tag5,NC2_R_Tag4,CACTAGTC,GGTCTACA,CACTAGTC:GGTCTACA,Buffalo
1,F,4,F_4,GGA_217,NC1_F_Tag6,NC2_R_Tag4,GATCGGTA,GGTCTACA,GATCGGTA:GGTCTACA,Grants Gazelle
1,G,4,G_4,GGA_202,NC1_F_Tag7,NC2_R_Tag4,CCTCATCT,GGTCTACA,CCTCATCT:GGTCTACA,Grants Gazelle
1,H,4,H_4,GGA_207,NC1_F_Tag8,NC2_R_Tag4,CGATATCC,GGTCTACA,CGATATCC:GGTCTACA,Grants Gazelle
1,A,5,A_5,GIR_113,NC1_F_Tag1,NC2_R_Tag5,GAGAGAGT,CACTAGTC,GAGAGAGT:CACTAGTC,Giraffe
1,B,5,B_5,DIK_45,NC1_F_Tag2,NC2_R_Tag5,CCTATAGC,CACTAGTC,CCTATAGC:CACTAGTC,Dik-dik
1,C,5,C_5,IMP_115,NC1_F_Tag3,NC2_R_Tag5,CTATGGAG,CACTAGTC,CTATGGAG:CACTAGTC,Impala
1,D,5,D_5,DIK_14,NC1_F_Tag4,NC2_R_Tag5,GGTCTACA,CACTAGTC,GGTCTACA:CACTAGTC,Dik-dik
1,E,5,E_5,Primer,NC1_F_Tag5,NC2_R_Tag5,CACTAGTC,CACTAGTC,CACTAGTC:CACTAGTC,Primer
1,F,5,F_5,COW_251,NC1_F_Tag6,NC2_R_Tag5,GATCGGTA,CACTAGTC,GATCGGTA:CACTAGTC,Cow
1,G,5,G_5,IMP_206,NC1_F_Tag7,NC2_R_Tag5,CCTCATCT,CACTAGTC,CCTCATCT:CACTAGTC,Impala
1,H,5,H_5,HAR_209,NC1_F_Tag8,NC2_R_Tag5,CGATATCC,CACTAGTC,CGATATCC:CACTAGTC,Hartebeest
1,A,6,A_6,DIK_101,NC1_F_Tag1,NC2_R_Tag6,GAGAGAGT,GATCGGTA,GAGAGAGT:GATCGGTA,Dik-dik
1,B,6,B_6,DIK_28,NC1_F_Tag2,NC2_R_Tag6,CCTATAGC,GATCGGTA,CCTATAGC:GATCGGTA,Dik-dik
1,C,6,C_6,BUF_09,NC1_F_Tag3,NC2_R_Tag6,CTATGGAG,GATCGGTA,CTATGGAG:GATCGGTA,Buffalo
1,D,6,D_6,DIK_05,NC1_F_Tag4,NC2_R_Tag6,GGTCTACA,GATCGGTA,GGTCTACA:GATCGGTA,Dik-dik
1,E,6,E_6,GGA_204,NC1_F_Tag5,NC2_R_Tag6,CACTAGTC,GATCGGTA,CACTAGTC:GATCGGTA,Grants Gazelle
1,F,6,F_6,Primer,NC1_F_Tag6,NC2_R_Tag6,GATCGGTA,GATCGGTA,GATCGGTA:GATCGGTA,Primer
1,G,6,G_6,GGA_213,NC1_F_Tag7,NC2_R_Tag6,CCTCATCT,GATCGGTA,CCTCATCT:GATCGGTA,Grants Gazelle
1,H,6,H_6,ELA_204,NC1_F_Tag8,NC2_R_Tag6,CGATATCC,GATCGGTA,CGATATCC:GATCGGTA,Eland
1,A,7,A_7,BUF_29,NC1_F_Tag1,NC2_R_Tag7,GAGAGAGT,CCTCATCT,GAGAGAGT:CCTCATCT,Buffalo
1,B,7,B_7,GIR_214,NC1_F_Tag2,NC2_R_Tag7,CCTATAGC,CCTCATCT,CCTATAGC:CCTCATCT,Giraffe
1,C,7,C_7,IMP_212,NC1_F_Tag3,NC2_R_Tag7,CTATGGAG,CCTCATCT,CTATGGAG:CCTCATCT,Impala
1,D,7,D_7,GGA_111,NC1_F_Tag4,NC2_R_Tag7,GGTCTACA,CCTCATCT,GGTCTACA:CCTCATCT,Grants Gazelle
1,E,7,E_7,IMP_48,NC1_F_Tag5,NC2_R_Tag7,CACTAGTC,CCTCATCT,CACTAGTC:CCTCATCT,Impala
1,F,7,F_7,BUF_37,NC1_F_Tag6,NC2_R_Tag7,GATCGGTA,CCTCATCT,GATCGGTA:CCTCATCT,Buffalo
1,G,7,G_7,Primer,NC1_F_Tag7,NC2_R_Tag7,CCTCATCT,CCTCATCT,CCTCATCT:CCTCATCT,Primer
1,H,7,H_7,HIP_212,NC1_F_Tag8,NC2_R_Tag7,CGATATCC,CCTCATCT,CGATATCC:CCTCATCT,Hippo
1,A,8,A_8,IMP_205,NC1_F_Tag1,NC2_R_Tag8,GAGAGAGT,CGATATCC,GAGAGAGT:CGATATCC,Impala
1,B,8,B_8,DIK_07,NC1_F_Tag2,NC2_R_Tag8,CCTATAGC,CGATATCC,CCTATAGC:CGATATCC,Dik-dik
1,C,8,C_8,GIR_106,NC1_F_Tag3,NC2_R_Tag8,CTATGGAG,CGATATCC,CTATGGAG:CGATATCC,Giraffe
1,D,8,D_8,GGA_112,NC1_F_Tag4,NC2_R_Tag8,GGTCTACA,CGATATCC,GGTCTACA:CGATATCC,Grants Gazelle
1,E,8,E_8,DIK_08,NC1_F_Tag5,NC2_R_Tag8,CACTAGTC,CGATATCC,CACTAGTC:CGATATCC,Dik-dik
1,F,8,F_8,GGA_108,NC1_F_Tag6,NC2_R_Tag8,GATCGGTA,CGATATCC,GATCGGTA:CGATATCC,Grants Gazelle
1,G,8,G_8,DIK_30,NC1_F_Tag7,NC2_R_Tag8,CCTCATCT,CGATATCC,CCTCATCT:CGATATCC,Dik-dik
1,H,8,H_8,Primer,NC1_F_Tag8,NC2_R_Tag8,CGATATCC,CGATATCC,CGATATCC:CGATATCC,Primer
1,A,9,A_9,Primer,NC1_F_Tag1,NC2_R_Tag9,GAGAGAGT,ACCTGTTG,GAGAGAGT:ACCTGTTG,Primer
1,B,9,B_9,BUF_12,NC1_F_Tag2,NC2_R_Tag9,CCTATAGC,ACCTGTTG,CCTATAGC:ACCTGTTG,Buffalo
1,C,9,C_9,BUF_41,NC1_F_Tag3,NC2_R_Tag9,CTATGGAG,ACCTGTTG,CTATGGAG:ACCTGTTG,Buffalo
1,D,9,D_9,GGA_209,NC1_F_Tag4,NC2_R_Tag9,GGTCTACA,ACCTGTTG,GGTCTACA:ACCTGTTG,Grants Gazelle
1,E,9,E_9,DIK_21,NC1_F_Tag5,NC2_R_Tag9,CACTAGTC,ACCTGTTG,CACTAGTC:ACCTGTTG,Dik-dik
1,F,9,F_9,DIK_11,NC1_F_Tag6,NC2_R_Tag9,GATCGGTA,ACCTGTTG,GATCGGTA:ACCTGTTG,Dik-dik
1,G,9,G_9,IMP_08,NC1_F_Tag7,NC2_R_Tag9,CCTCATCT,ACCTGTTG,CCTCATCT:ACCTGTTG,Impala
1,H,9,H_9,ELE_216,NC1_F_Tag8,NC2_R_Tag9,CGATATCC,ACCTGTTG,CGATATCC:ACCTGTTG,Elephant
1,A,10,A_10,GIR_207,NC1_F_Tag1,NC2_R_Tag10,GAGAGAGT,AACACGAC,GAGAGAGT:AACACGAC,Giraffe
1,B,10,B_10,Primer,NC1_F_Tag2,NC2_R_Tag10,CCTATAGC,AACACGAC,CCTATAGC:AACACGAC,Primer
1,C,10,C_10,GIR_105,NC1_F_Tag3,NC2_R_Tag10,CTATGGAG,AACACGAC,CTATGGAG:AACACGAC,Giraffe
1,D,10,D_10,IMP_104,NC1_F_Tag4,NC2_R_Tag10,GGTCTACA,AACACGAC,GGTCTACA:AACACGAC,Impala
1,E,10,E_10,BUF_23,NC1_F_Tag5,NC2_R_Tag10,CACTAGTC,AACACGAC,CACTAGTC:AACACGAC,Buffalo
1,F,10,F_10,GGA_1109,NC1_F_Tag6,NC2_R_Tag10,GATCGGTA,AACACGAC,GATCGGTA:AACACGAC,Grants Gazelle
1,G,10,G_10,COW_252,NC1_F_Tag7,NC2_R_Tag10,CCTCATCT,AACACGAC,CCTCATCT:AACACGAC,Cow
1,H,10,H_10,GGA_107,NC1_F_Tag8,NC2_R_Tag10,CGATATCC,AACACGAC,CGATATCC:AACACGAC,Grants Gazelle
1,A,11,A_11,IMP_125,NC1_F_Tag1,NC2_R_Tag11,GAGAGAGT,TGTGTGCT,GAGAGAGT:TGTGTGCT,Impala
1,B,11,B_11,IMP_235,NC1_F_Tag2,NC2_R_Tag11,CCTATAGC,TGTGTGCT,CCTATAGC:TGTGTGCT,Impala
1,C,11,C_11,Primer,NC1_F_Tag3,NC2_R_Tag11,CTATGGAG,TGTGTGCT,CTATGGAG:TGTGTGCT,Primer
1,D,11,D_11,BUF_25,NC1_F_Tag4,NC2_R_Tag11,GGTCTACA,TGTGTGCT,GGTCTACA:TGTGTGCT,Buffalo
1,E,11,E_11,GGA_115,NC1_F_Tag5,NC2_R_Tag11,CACTAGTC,TGTGTGCT,CACTAGTC:TGTGTGCT,Grants Gazelle
1,F,11,F_11,IMP_15,NC1_F_Tag6,NC2_R_Tag11,GATCGGTA,TGTGTGCT,GATCGGTA:TGTGTGCT,Impala
1,G,11,G_11,ELE_212,NC1_F_Tag7,NC2_R_Tag11,CCTCATCT,TGTGTGCT,CCTCATCT:TGTGTGCT,Elephant
1,H,11,H_11,POS,NC1_F_Tag8,NC2_R_Tag11,CGATATCC,TGTGTGCT,CGATATCC:TGTGTGCT,POS
1,A,12,A_12,DIK_43,NC1_F_Tag1,NC2_R_Tag12,GAGAGAGT,TTCCGCTT,GAGAGAGT:TTCCGCTT,Dik-dik
1,B,12,B_12,GIR_103,NC1_F_Tag2,NC2_R_Tag12,CCTATAGC,TTCCGCTT,CCTATAGC:TTCCGCTT,Giraffe
1,C,12,C_12,IMP_204,NC1_F_Tag3,NC2_R_Tag12,CTATGGAG,TTCCGCTT,CTATGGAG:TTCCGCTT,Impala
1,D,12,D_12,Primer,NC1_F_Tag4,NC2_R_Tag12,GGTCTACA,TTCCGCTT,GGTCTACA:TTCCGCTT,Primer
1,E,12,E_12,GGA_113,NC1_F_Tag5,NC2_R_Tag12,CACTAGTC,TTCCGCTT,CACTAGTC:TTCCGCTT,Grants Gazelle
1,F,12,F_12,GGA_211,NC1_F_Tag6,NC2_R_Tag12,GATCGGTA,TTCCGCTT,GATCGGTA:TTCCGCTT,Grants Gazelle
1,G,12,G_12,GGA_218,NC1_F_Tag7,NC2_R_Tag12,CCTCATCT,TTCCGCTT,CCTCATCT:TTCCGCTT,Grants Gazelle
1,H,12,H_12,POS,NC1_F_Tag8,NC2_R_Tag12,CGATATCC,TTCCGCTT,CGATATCC:TTCCGCTT,POS
2,A,1,A_1,Primer,NC1_F_Tag9,NC2_R_Tag1,CTTCTCGA,GAGAGAGT,CTTCTCGA:GAGAGAGT,Primer
2,B,1,B_1,HIP_209,NC1_F_Tag10,NC2_R_Tag1,CCGATGTA,GAGAGAGT,CCGATGTA:GAGAGAGT,Hippo
2,C,1,C_1,ELA_117,NC1_F_Tag11,NC2_R_Tag1,CTAAGCTC,GAGAGAGT,CTAAGCTC:GAGAGAGT,Eland
2,D,1,D_1,ELA_114,NC1_F_Tag12,NC2_R_Tag1,GATGACTC,GAGAGAGT,GATGACTC:GAGAGAGT,Eland
2,E,1,E_1,ELE_228,NC1_F_Tag13,NC2_R_Tag1,TCATGCGT,GAGAGAGT,TCATGCGT:GAGAGAGT,Elephant
2,F,1,F_1,HAR_214,NC1_F_Tag14,NC2_R_Tag1,TCGCATTC,GAGAGAGT,TCGCATTC:GAGAGAGT,Hartebeest
2,G,1,G_1,ELA_101,NC1_F_Tag15,NC2_R_Tag1,ATGCCACA,GAGAGAGT,ATGCCACA:GAGAGAGT,Eland
2,H,1,H_1,COW_41,NC1_F_Tag16,NC2_R_Tag1,TTGTTCCG,GAGAGAGT,TTGTTCCG:GAGAGAGT,Cow
2,A,2,A_2,HIP_202,NC1_F_Tag9,NC2_R_Tag2,CTTCTCGA,CCTATAGC,CTTCTCGA:CCTATAGC,Hippo
2,B,2,B_2,Primer,NC1_F_Tag10,NC2_R_Tag2,CCGATGTA,CCTATAGC,CCGATGTA:CCTATAGC,Primer
2,C,2,C_2,HAR_101A,NC1_F_Tag11,NC2_R_Tag2,CTAAGCTC,CCTATAGC,CTAAGCTC:CCTATAGC,Hartebeest
2,D,2,D_2,COW_251,NC1_F_Tag12,NC2_R_Tag2,GATGACTC,CCTATAGC,GATGACTC:CCTATAGC,Cow
2,E,2,E_2,GGA_214,NC1_F_Tag13,NC2_R_Tag2,TCATGCGT,CCTATAGC,TCATGCGT:CCTATAGC,Grants Gazelle
2,F,2,F_2,HIP_205,NC1_F_Tag14,NC2_R_Tag2,TCGCATTC,CCTATAGC,TCGCATTC:CCTATAGC,Hippo
2,G,2,G_2,ELE_104,NC1_F_Tag15,NC2_R_Tag2,ATGCCACA,CCTATAGC,ATGCCACA:CCTATAGC,Elephant
2,H,2,H_2,ORX_106,NC1_F_Tag16,NC2_R_Tag2,TTGTTCCG,CCTATAGC,TTGTTCCG:CCTATAGC,Oryx
2,A,3,A_3,ELE_221,NC1_F_Tag9,NC2_R_Tag3,CTTCTCGA,CTATGGAG,CTTCTCGA:CTATGGAG,Elephant
2,B,3,B_3,ELE_217,NC1_F_Tag10,NC2_R_Tag3,CCGATGTA,CTATGGAG,CCGATGTA:CTATGGAG,Elephant
2,C,3,C_3,Primer,NC1_F_Tag11,NC2_R_Tag3,CTAAGCTC,CTATGGAG,CTAAGCTC:CTATGGAG,Primer
2,D,3,D_3,ELE_213,NC1_F_Tag12,NC2_R_Tag3,GATGACTC,CTATGGAG,GATGACTC:CTATGGAG,Elephant
2,E,3,E_3,HAR_201,NC1_F_Tag13,NC2_R_Tag3,TCATGCGT,CTATGGAG,TCATGCGT:CTATGGAG,Hartebeest
2,F,3,F_3,ELA_111,NC1_F_Tag14,NC2_R_Tag3,TCGCATTC,CTATGGAG,TCGCATTC:CTATGGAG,Eland
2,G,3,G_3,WAT_205,NC1_F_Tag15,NC2_R_Tag3,ATGCCACA,CTATGGAG,ATGCCACA:CTATGGAG,Waterbuck
2,H,3,H_3,WAR_102,NC1_F_Tag16,NC2_R_Tag3,TTGTTCCG,CTATGGAG,TTGTTCCG:CTATGGAG,Warthog
2,A,4,A_4,ELA_102,NC1_F_Tag9,NC2_R_Tag4,CTTCTCGA,GGTCTACA,CTTCTCGA:GGTCTACA,Eland
2,B,4,B_4,ELA_103,NC1_F_Tag10,NC2_R_Tag4,CCGATGTA,GGTCTACA,CCGATGTA:GGTCTACA,Eland
2,C,4,C_4,ELA_104,NC1_F_Tag11,NC2_R_Tag4,CTAAGCTC,GGTCTACA,CTAAGCTC:GGTCTACA,Eland
2,D,4,D_4,Primer,NC1_F_Tag12,NC2_R_Tag4,GATGACTC,GGTCTACA,GATGACTC:GGTCTACA,Primer
2,E,4,E_4,HIP_201,NC1_F_Tag13,NC2_R_Tag4,TCATGCGT,GGTCTACA,TCATGCGT:GGTCTACA,Hippo
2,F,4,F_4,ELE_01,NC1_F_Tag14,NC2_R_Tag4,TCGCATTC,GGTCTACA,TCGCATTC:GGTCTACA,Elephant
2,G,4,G_4,ELE_38,NC1_F_Tag15,NC2_R_Tag4,ATGCCACA,GGTCTACA,ATGCCACA:GGTCTACA,Elephant
2,H,4,H_4,COW_30,NC1_F_Tag16,NC2_R_Tag4,TTGTTCCG,GGTCTACA,TTGTTCCG:GGTCTACA,Cow
2,A,5,A_5,ELA_105,NC1_F_Tag9,NC2_R_Tag5,CTTCTCGA,CACTAGTC,CTTCTCGA:CACTAGTC,Eland
2,B,5,B_5,GGA_219,NC1_F_Tag10,NC2_R_Tag5,CCGATGTA,CACTAGTC,CCGATGTA:CACTAGTC,Grants Gazelle
2,C,5,C_5,ELE_214,NC1_F_Tag11,NC2_R_Tag5,CTAAGCTC,CACTAGTC,CTAAGCTC:CACTAGTC,Elephant
2,D,5,D_5,GGA_4,NC1_F_Tag12,NC2_R_Tag5,GATGACTC,CACTAGTC,GATGACTC:CACTAGTC,Grants Gazelle
2,E,5,E_5,Primer,NC1_F_Tag13,NC2_R_Tag5,TCATGCGT,CACTAGTC,TCATGCGT:CACTAGTC,Primer
2,F,5,F_5,ELE_207,NC1_F_Tag14,NC2_R_Tag5,TCGCATTC,CACTAGTC,TCGCATTC:CACTAGTC,Elephant
2,G,5,G_5,COW_45,NC1_F_Tag15,NC2_R_Tag5,ATGCCACA,CACTAGTC,ATGCCACA:CACTAGTC,Cow
2,H,5,H_5,ELE_05,NC1_F_Tag16,NC2_R_Tag5,TTGTTCCG,CACTAGTC,TTGTTCCG:CACTAGTC,Elephant
2,A,6,A_6,HAR_205,NC1_F_Tag9,NC2_R_Tag6,CTTCTCGA,GATCGGTA,CTTCTCGA:GATCGGTA,Hartebeest
2,B,6,B_6,IMP_39,NC1_F_Tag10,NC2_R_Tag6,CCGATGTA,GATCGGTA,CCGATGTA:GATCGGTA,Impala
2,C,6,C_6,GGA_3,NC1_F_Tag11,NC2_R_Tag6,CTAAGCTC,GATCGGTA,CTAAGCTC:GATCGGTA,Grants Gazelle
2,D,6,D_6,HAR_203,NC1_F_Tag12,NC2_R_Tag6,GATGACTC,GATCGGTA,GATGACTC:GATCGGTA,Hartebeest
2,E,6,E_6,ELE_220,NC1_F_Tag13,NC2_R_Tag6,TCATGCGT,GATCGGTA,TCATGCGT:GATCGGTA,Elephant
2,F,6,F_6,Primer,NC1_F_Tag14,NC2_R_Tag6,TCGCATTC,GATCGGTA,TCGCATTC:GATCGGTA,Primer
2,G,6,G_6,ELE_102,NC1_F_Tag15,NC2_R_Tag6,ATGCCACA,GATCGGTA,ATGCCACA:GATCGGTA,Elephant
2,H,6,H_6,ELE_108,NC1_F_Tag16,NC2_R_Tag6,TTGTTCCG,GATCGGTA,TTGTTCCG:GATCGGTA,Elephant
2,A,7,A_7,IMP_43,NC1_F_Tag9,NC2_R_Tag7,CTTCTCGA,CCTCATCT,CTTCTCGA:CCTCATCT,Impala
2,B,7,B_7,COW_246,NC1_F_Tag10,NC2_R_Tag7,CCGATGTA,CCTCATCT,CCGATGTA:CCTCATCT,Cow
2,C,7,C_7,IMP_25,NC1_F_Tag11,NC2_R_Tag7,CTAAGCTC,CCTCATCT,CTAAGCTC:CCTCATCT,Impala
2,D,7,D_7,ELE_211,NC1_F_Tag12,NC2_R_Tag7,GATGACTC,CCTCATCT,GATGACTC:CCTCATCT,Elephant
2,E,7,E_7,HAR_102,NC1_F_Tag13,NC2_R_Tag7,TCATGCGT,CCTCATCT,TCATGCGT:CCTCATCT,Hartebeest
2,F,7,F_7,ELE_16,NC1_F_Tag14,NC2_R_Tag7,TCGCATTC,CCTCATCT,TCGCATTC:CCTCATCT,Elephant
2,G,7,G_7,Primer,NC1_F_Tag15,NC2_R_Tag7,ATGCCACA,CCTCATCT,ATGCCACA:CCTCATCT,Primer
2,H,7,H_7,ELE_109,NC1_F_Tag16,NC2_R_Tag7,TTGTTCCG,CCTCATCT,TTGTTCCG:CCTCATCT,Elephant
2,A,8,A_8,COW_244,NC1_F_Tag9,NC2_R_Tag8,CTTCTCGA,CGATATCC,CTTCTCGA:CGATATCC,Cow
2,B,8,B_8,ELE_202,NC1_F_Tag10,NC2_R_Tag8,CCGATGTA,CGATATCC,CCGATGTA:CGATATCC,Elephant
2,C,8,C_8,ELE_219,NC1_F_Tag11,NC2_R_Tag8,CTAAGCTC,CGATATCC,CTAAGCTC:CGATATCC,Elephant
2,D,8,D_8,ELA_118,NC1_F_Tag12,NC2_R_Tag8,GATGACTC,CGATATCC,GATGACTC:CGATATCC,Eland
2,E,8,E_8,ELA_115,NC1_F_Tag13,NC2_R_Tag8,TCATGCGT,CGATATCC,TCATGCGT:CGATATCC,Eland
2,F,8,F_8,WAR_203,NC1_F_Tag14,NC2_R_Tag8,TCGCATTC,CGATATCC,TCGCATTC:CGATATCC,Warthog
2,G,8,G_8,WAT_201,NC1_F_Tag15,NC2_R_Tag8,ATGCCACA,CGATATCC,ATGCCACA:CGATATCC,Waterbuck
2,H,8,H_8,Primer,NC1_F_Tag16,NC2_R_Tag8,TTGTTCCG,CGATATCC,TTGTTCCG:CGATATCC,Primer
2,A,9,A_9,Primer,NC1_F_Tag9,NC2_R_Tag9,CTTCTCGA,ACCTGTTG,CTTCTCGA:ACCTGTTG,Primer
2,B,9,B_9,GGA_2,NC1_F_Tag10,NC2_R_Tag9,CCGATGTA,ACCTGTTG,CCGATGTA:ACCTGTTG,Grants Gazelle
2,C,9,C_9,ELA_110,NC1_F_Tag11,NC2_R_Tag9,CTAAGCTC,ACCTGTTG,CTAAGCTC:ACCTGTTG,Eland
2,D,9,D_9,HIP_208,NC1_F_Tag12,NC2_R_Tag9,GATGACTC,ACCTGTTG,GATGACTC:ACCTGTTG,Hippo
2,E,9,E_9,HAR_206,NC1_F_Tag13,NC2_R_Tag9,TCATGCGT,ACCTGTTG,TCATGCGT:ACCTGTTG,Hartebeest
2,F,9,F_9,ELE_110,NC1_F_Tag14,NC2_R_Tag9,TCGCATTC,ACCTGTTG,TCGCATTC:ACCTGTTG,Elephant
2,G,9,G_9,ELE_203,NC1_F_Tag15,NC2_R_Tag9,ATGCCACA,ACCTGTTG,ATGCCACA:ACCTGTTG,Elephant
2,H,9,H_9,ORX_201,NC1_F_Tag16,NC2_R_Tag9,TTGTTCCG,ACCTGTTG,TTGTTCCG:ACCTGTTG,Oryx
2,A,10,A_10,ELE_226,NC1_F_Tag9,NC2_R_Tag10,CTTCTCGA,AACACGAC,CTTCTCGA:AACACGAC,Elephant
2,B,10,B_10,Primer,NC1_F_Tag10,NC2_R_Tag10,CCGATGTA,AACACGAC,CCGATGTA:AACACGAC,Primer
2,C,10,C_10,HAR_216,NC1_F_Tag11,NC2_R_Tag10,CTAAGCTC,AACACGAC,CTAAGCTC:AACACGAC,Hartebeest
2,D,10,D_10,HAR_207,NC1_F_Tag12,NC2_R_Tag10,GATGACTC,AACACGAC,GATGACTC:AACACGAC,Hartebeest
2,E,10,E_10,IMP_27,NC1_F_Tag13,NC2_R_Tag10,TCATGCGT,AACACGAC,TCATGCGT:AACACGAC,Impala
2,F,10,F_10,ORX_105,NC1_F_Tag14,NC2_R_Tag10,TCGCATTC,AACACGAC,TCGCATTC:AACACGAC,Oryx
2,G,10,G_10,COW_04,NC1_F_Tag15,NC2_R_Tag10,ATGCCACA,AACACGAC,ATGCCACA:AACACGAC,Cow
2,H,10,H_10,NEG,NC1_F_Tag16,NC2_R_Tag10,TTGTTCCG,AACACGAC,TTGTTCCG:AACACGAC,NEG
2,A,11,A_11,GGA_201,NC1_F_Tag9,NC2_R_Tag11,CTTCTCGA,TGTGTGCT,CTTCTCGA:TGTGTGCT,Grants Gazelle
2,B,11,B_11,HAR_212,NC1_F_Tag10,NC2_R_Tag11,CCGATGTA,TGTGTGCT,CCGATGTA:TGTGTGCT,Hartebeest
2,C,11,C_11,Primer,NC1_F_Tag11,NC2_R_Tag11,CTAAGCTC,TGTGTGCT,CTAAGCTC:TGTGTGCT,Primer
2,D,11,D_11,ELA_106,NC1_F_Tag12,NC2_R_Tag11,GATGACTC,TGTGTGCT,GATGACTC:TGTGTGCT,Eland
2,E,11,E_11,ELE_227,NC1_F_Tag13,NC2_R_Tag11,TCATGCGT,TGTGTGCT,TCATGCGT:TGTGTGCT,Elephant
2,F,11,F_11,WAR_110,NC1_F_Tag14,NC2_R_Tag11,TCGCATTC,TGTGTGCT,TCGCATTC:TGTGTGCT,Warthog
2,G,11,G_11,ELE_105,NC1_F_Tag15,NC2_R_Tag11,ATGCCACA,TGTGTGCT,ATGCCACA:TGTGTGCT,Elephant
2,H,11,H_11,POS,NC1_F_Tag16,NC2_R_Tag11,TTGTTCCG,TGTGTGCT,TTGTTCCG:TGTGTGCT,POS
2,A,12,A_12,HAR_202,NC1_F_Tag9,NC2_R_Tag12,CTTCTCGA,TTCCGCTT,CTTCTCGA:TTCCGCTT,Hartebeest
2,B,12,B_12,HIP_207,NC1_F_Tag10,NC2_R_Tag12,CCGATGTA,TTCCGCTT,CCGATGTA:TTCCGCTT,Hippo
2,C,12,C_12,HIP_204,NC1_F_Tag11,NC2_R_Tag12,CTAAGCTC,TTCCGCTT,CTAAGCTC:TTCCGCTT,Hippo
2,D,12,D_12,Primer,NC1_F_Tag12,NC2_R_Tag12,GATGACTC,TTCCGCTT,GATGACTC:TTCCGCTT,Primer
2,E,12,E_12,GGA_205,NC1_F_Tag13,NC2_R_Tag12,TCATGCGT,TTCCGCTT,TCATGCGT:TTCCGCTT,Grants Gazelle
2,F,12,F_12,KT_1063,NC1_F_Tag14,NC2_R_Tag12,TCGCATTC,TTCCGCTT,TCGCATTC:TTCCGCTT,Grevys zebra
2,G,12,G_12,ELE_103,NC1_F_Tag15,NC2_R_Tag12,ATGCCACA,TTCCGCTT,ATGCCACA:TTCCGCTT,Elephant
2,H,12,H_12,POS,NC1_F_Tag16,NC2_R_Tag12,TTGTTCCG,TTCCGCTT,TTGTTCCG:TTCCGCTT,POS
3,A,1,A_1,Primer,NC1_F_Tag17,NC2_R_Tag1,ACGCTTGT,GAGAGAGT,ACGCTTGT:GAGAGAGT,Primer
3,B,1,B_1,KT_1082,NC1_F_Tag18,NC2_R_Tag1,TTGCGGAA,GAGAGAGT,TTGCGGAA:GAGAGAGT,Plains zebra
3,C,1,C_1,WAR_106,NC1_F_Tag19,NC2_R_Tag1,ATTGGCTG,GAGAGAGT,ATTGGCTG:GAGAGAGT,Warthog
3,D,1,D_1,KT_1050,NC1_F_Tag20,NC2_R_Tag1,AAGGCGTT,GAGAGAGT,AAGGCGTT:GAGAGAGT,Plains zebra
3,E,1,E_1,PLA_23,NC1_F_Tag21,NC2_R_Tag1,TTAACGCG,GAGAGAGT,TTAACGCG:GAGAGAGT,Plains zebra
3,F,1,F_1,PLA_205,NC1_F_Tag22,NC2_R_Tag1,AACAACCG,GAGAGAGT,AACAACCG:GAGAGAGT,Plains zebra
3,G,1,G_1,KT_1133,NC1_F_Tag23,NC2_R_Tag1,ATGTTGGC,GAGAGAGT,ATGTTGGC:GAGAGAGT,Grevys zebra
3,H,1,H_1,KT_1161,NC1_F_Tag24,NC2_R_Tag1,AATGCAGC,GAGAGAGT,AATGCAGC:GAGAGAGT,Plains zebra
3,A,2,A_2,WAR_111,NC1_F_Tag17,NC2_R_Tag2,ACGCTTGT,CCTATAGC,ACGCTTGT:CCTATAGC,Warthog
3,B,2,B_2,Primer,NC1_F_Tag18,NC2_R_Tag2,TTGCGGAA,CCTATAGC,TTGCGGAA:CCTATAGC,Primer
3,C,2,C_2,ELE_112,NC1_F_Tag19,NC2_R_Tag2,ATTGGCTG,CCTATAGC,ATTGGCTG:CCTATAGC,Elephant
3,D,2,D_2,PLA_216,NC1_F_Tag20,NC2_R_Tag2,AAGGCGTT,CCTATAGC,AAGGCGTT:CCTATAGC,Plains zebra
3,E,2,E_2,GRE_25R,NC1_F_Tag21,NC2_R_Tag2,TTAACGCG,CCTATAGC,TTAACGCG:CCTATAGC,Grevys zebra
3,F,2,F_2,CAM_101,NC1_F_Tag22,NC2_R_Tag2,AACAACCG,CCTATAGC,AACAACCG:CCTATAGC,Camel
3,G,2,G_2,PLA_29,NC1_F_Tag23,NC2_R_Tag2,ATGTTGGC,CCTATAGC,ATGTTGGC:CCTATAGC,Plains zebra
3,H,2,H_2,GRE_23R,NC1_F_Tag24,NC2_R_Tag2,AATGCAGC,CCTATAGC,AATGCAGC:CCTATAGC,Grevys zebra
3,A,3,A_3,ELE_106,NC1_F_Tag17,NC2_R_Tag3,ACGCTTGT,CTATGGAG,ACGCTTGT:CTATGGAG,Elephant
3,B,3,B_3,ELA_113,NC1_F_Tag18,NC2_R_Tag3,TTGCGGAA,CTATGGAG,TTGCGGAA:CTATGGAG,Eland
3,C,3,C_3,Primer,NC1_F_Tag19,NC2_R_Tag3,ATTGGCTG,CTATGGAG,ATTGGCTG:CTATGGAG,Primer
3,D,3,D_3,DIK_133,NC1_F_Tag20,NC2_R_Tag3,AAGGCGTT,CTATGGAG,AAGGCGTT:CTATGGAG,Dik-dik
3,E,3,E_3,PLA_234,NC1_F_Tag21,NC2_R_Tag3,TTAACGCG,CTATGGAG,TTAACGCG:CTATGGAG,Plains zebra
3,F,3,F_3,GRE_229,NC1_F_Tag22,NC2_R_Tag3,AACAACCG,CTATGGAG,AACAACCG:CTATGGAG,Grevys zebra
3,G,3,G_3,KT_1069,NC1_F_Tag23,NC2_R_Tag3,ATGTTGGC,CTATGGAG,ATGTTGGC:CTATGGAG,Grevys zebra
3,H,3,H_3,PLA_101,NC1_F_Tag24,NC2_R_Tag3,AATGCAGC,CTATGGAG,AATGCAGC:CTATGGAG,Plains zebra
3,A,4,A_4,KT_1081,NC1_F_Tag17,NC2_R_Tag4,ACGCTTGT,GGTCTACA,ACGCTTGT:GGTCTACA,Plains zebra
3,B,4,B_4,ELE_113,NC1_F_Tag18,NC2_R_Tag4,TTGCGGAA,GGTCTACA,TTGCGGAA:GGTCTACA,Elephant
3,C,4,C_4,KT_1054,NC1_F_Tag19,NC2_R_Tag4,ATTGGCTG,GGTCTACA,ATTGGCTG:GGTCTACA,Plains zebra
3,D,4,D_4,Primer,NC1_F_Tag20,NC2_R_Tag4,AAGGCGTT,GGTCTACA,AAGGCGTT:GGTCTACA,Primer
3,E,4,E_4,GRE_08,NC1_F_Tag21,NC2_R_Tag4,TTAACGCG,GGTCTACA,TTAACGCG:GGTCTACA,Grevys zebra
3,F,4,F_4,DIK_137,NC1_F_Tag22,NC2_R_Tag4,AACAACCG,GGTCTACA,AACAACCG:GGTCTACA,Dik-dik
3,G,4,G_4,KUD_211,NC1_F_Tag23,NC2_R_Tag4,ATGTTGGC,GGTCTACA,ATGTTGGC:GGTCTACA,Kudu
3,H,4,H_4,GRE_210,NC1_F_Tag24,NC2_R_Tag4,AATGCAGC,GGTCTACA,AATGCAGC:GGTCTACA,Grevys zebra
3,A,5,A_5,COW_47,NC1_F_Tag17,NC2_R_Tag5,ACGCTTGT,CACTAGTC,ACGCTTGT:CACTAGTC,Cow
3,B,5,B_5,WAR_104,NC1_F_Tag18,NC2_R_Tag5,TTGCGGAA,CACTAGTC,TTGCGGAA:CACTAGTC,Warthog
3,C,5,C_5,ELE_03,NC1_F_Tag19,NC2_R_Tag5,ATTGGCTG,CACTAGTC,ATTGGCTG:CACTAGTC,Elephant
3,D,5,D_5,KT_1166,NC1_F_Tag20,NC2_R_Tag5,AAGGCGTT,CACTAGTC,AAGGCGTT:CACTAGTC,Grevys zebra
3,E,5,E_5,Primer,NC1_F_Tag21,NC2_R_Tag5,TTAACGCG,CACTAGTC,TTAACGCG:CACTAGTC,Primer
3,F,5,F_5,GRE_21,NC1_F_Tag22,NC2_R_Tag5,AACAACCG,CACTAGTC,AACAACCG:CACTAGTC,Grevys zebra
3,G,5,G_5,KT_1156,NC1_F_Tag23,NC2_R_Tag5,ATGTTGGC,CACTAGTC,ATGTTGGC:CACTAGTC,Plains zebra
3,H,5,H_5,LM_255,NC1_F_Tag24,NC2_R_Tag5,AATGCAGC,CACTAGTC,AATGCAGC:CACTAGTC,Donkey
3,A,6,A_6,ELE_204,NC1_F_Tag17,NC2_R_Tag6,ACGCTTGT,GATCGGTA,ACGCTTGT:GATCGGTA,Elephant
3,B,6,B_6,ELE_202,NC1_F_Tag18,NC2_R_Tag6,TTGCGGAA,GATCGGTA,TTGCGGAA:GATCGGTA,Elephant
3,C,6,C_6,KT_1078,NC1_F_Tag19,NC2_R_Tag6,ATTGGCTG,GATCGGTA,ATTGGCTG:GATCGGTA,Plains zebra
3,D,6,D_6,KT_1028,NC1_F_Tag20,NC2_R_Tag6,AAGGCGTT,GATCGGTA,AAGGCGTT:GATCGGTA,Hybrid zebra
3,E,6,E_6,GRE_213,NC1_F_Tag21,NC2_R_Tag6,TTAACGCG,GATCGGTA,TTAACGCG:GATCGGTA,Grevys zebra
3,F,6,F_6,Primer,NC1_F_Tag22,NC2_R_Tag6,AACAACCG,GATCGGTA,AACAACCG:GATCGGTA,Primer
3,G,6,G_6,GRE_27R,NC1_F_Tag23,NC2_R_Tag6,ATGTTGGC,GATCGGTA,ATGTTGGC:GATCGGTA,Grevys zebra
3,H,6,H_6,LM_104,NC1_F_Tag24,NC2_R_Tag6,AATGCAGC,GATCGGTA,AATGCAGC:GATCGGTA,Oryx
3,A,7,A_7,KT_1056,NC1_F_Tag17,NC2_R_Tag7,ACGCTTGT,CCTCATCT,ACGCTTGT:CCTCATCT,Grevys zebra
3,B,7,B_7,COW_40,NC1_F_Tag18,NC2_R_Tag7,TTGCGGAA,CCTCATCT,TTGCGGAA:CCTCATCT,Cow
3,C,7,C_7,ELE_24,NC1_F_Tag19,NC2_R_Tag7,ATTGGCTG,CCTCATCT,ATTGGCTG:CCTCATCT,Elephant
3,D,7,D_7,GRE_202,NC1_F_Tag20,NC2_R_Tag7,AAGGCGTT,CCTCATCT,AAGGCGTT:CCTCATCT,Grevys zebra
3,E,7,E_7,ELE_201,NC1_F_Tag21,NC2_R_Tag7,TTAACGCG,CCTCATCT,TTAACGCG:CCTCATCT,Elephant
3,F,7,F_7,PLA_228,NC1_F_Tag22,NC2_R_Tag7,AACAACCG,CCTCATCT,AACAACCG:CCTCATCT,Plains zebra
3,G,7,G_7,Primer,NC1_F_Tag23,NC2_R_Tag7,ATGTTGGC,CCTCATCT,ATGTTGGC:CCTCATCT,Primer
3,H,7,H_7,LM_249,NC1_F_Tag24,NC2_R_Tag7,AATGCAGC,CCTCATCT,AATGCAGC:CCTCATCT,Donkey
3,A,8,A_8,WAR_204,NC1_F_Tag17,NC2_R_Tag8,ACGCTTGT,CGATATCC,ACGCTTGT:CGATATCC,Warthog
3,B,8,B_8,ELE_22,NC1_F_Tag18,NC2_R_Tag8,TTGCGGAA,CGATATCC,TTGCGGAA:CGATATCC,Elephant
3,C,8,C_8,PLA_208,NC1_F_Tag19,NC2_R_Tag8,ATTGGCTG,CGATATCC,ATTGGCTG:CGATATCC,Plains zebra
3,D,8,D_8,GRE_31R,NC1_F_Tag20,NC2_R_Tag8,AAGGCGTT,CGATATCC,AAGGCGTT:CGATATCC,Grevys zebra
3,E,8,E_8,GRE_217,NC1_F_Tag21,NC2_R_Tag8,TTAACGCG,CGATATCC,TTAACGCG:CGATATCC,Grevys zebra
3,F,8,F_8,KT_1151,NC1_F_Tag22,NC2_R_Tag8,AACAACCG,CGATATCC,AACAACCG:CGATATCC,Plains zebra
3,G,8,G_8,PLA_28R,NC1_F_Tag23,NC2_R_Tag8,ATGTTGGC,CGATATCC,ATGTTGGC:CGATATCC,Plains zebra
3,H,8,H_8,Primer,NC1_F_Tag24,NC2_R_Tag8,AATGCAGC,CGATATCC,AATGCAGC:CGATATCC,Primer
3,A,9,A_9,Primer,NC1_F_Tag17,NC2_R_Tag9,ACGCTTGT,ACCTGTTG,ACGCTTGT:ACCTGTTG,Primer
3,B,9,B_9,ELE_12,NC1_F_Tag18,NC2_R_Tag9,TTGCGGAA,ACCTGTTG,TTGCGGAA:ACCTGTTG,Elephant
3,C,9,C_9,KT_1157,NC1_F_Tag19,NC2_R_Tag9,ATTGGCTG,ACCTGTTG,ATTGGCTG:ACCTGTTG,Grevys zebra
3,D,9,D_9,PLA_233,NC1_F_Tag20,NC2_R_Tag9,AAGGCGTT,ACCTGTTG,AAGGCGTT:ACCTGTTG,Plains zebra
3,E,9,E_9,KUD_209,NC1_F_Tag21,NC2_R_Tag9,TTAACGCG,ACCTGTTG,TTAACGCG:ACCTGTTG,Kudu
3,F,9,F_9,GRE_113,NC1_F_Tag22,NC2_R_Tag9,AACAACCG,ACCTGTTG,AACAACCG:ACCTGTTG,Grevys zebra
3,G,9,G_9,GRE_224,NC1_F_Tag23,NC2_R_Tag9,ATGTTGGC,ACCTGTTG,ATGTTGGC:ACCTGTTG,Grevys zebra
3,H,9,H_9,LM_315,NC1_F_Tag24,NC2_R_Tag9,AATGCAGC,ACCTGTTG,AATGCAGC:ACCTGTTG,Giraffe
3,A,10,A_10,ELE_107,NC1_F_Tag17,NC2_R_Tag10,ACGCTTGT,AACACGAC,ACGCTTGT:AACACGAC,Elephant
3,B,10,B_10,Primer,NC1_F_Tag18,NC2_R_Tag10,TTGCGGAA,AACACGAC,TTGCGGAA:AACACGAC,Primer
3,C,10,C_10,GRE_221,NC1_F_Tag19,NC2_R_Tag10,ATTGGCTG,AACACGAC,ATTGGCTG:AACACGAC,Grevys zebra
3,D,10,D_10,KT_1138,NC1_F_Tag20,NC2_R_Tag10,AAGGCGTT,AACACGAC,AAGGCGTT:AACACGAC,Grevys zebra
3,E,10,E_10,GRE_16,NC1_F_Tag21,NC2_R_Tag10,TTAACGCG,AACACGAC,TTAACGCG:AACACGAC,Grevys zebra
3,F,10,F_10,GRE_222,NC1_F_Tag22,NC2_R_Tag10,AACAACCG,AACACGAC,AACAACCG:AACACGAC,Grevys zebra
3,G,10,G_10,PLA_207,NC1_F_Tag23,NC2_R_Tag10,ATGTTGGC,AACACGAC,ATGTTGGC:AACACGAC,Plains zebra
3,H,10,H_10,NEG,NC1_F_Tag24,NC2_R_Tag10,AATGCAGC,AACACGAC,AATGCAGC:AACACGAC,NEG
3,A,11,A_11,COW_35,NC1_F_Tag17,NC2_R_Tag11,ACGCTTGT,TGTGTGCT,ACGCTTGT:TGTGTGCT,Cow
3,B,11,B_11,KT_1037,NC1_F_Tag18,NC2_R_Tag11,TTGCGGAA,TGTGTGCT,TTGCGGAA:TGTGTGCT,Grevys zebra
3,C,11,C_11,Primer,NC1_F_Tag19,NC2_R_Tag11,ATTGGCTG,TGTGTGCT,ATTGGCTG:TGTGTGCT,Primer
3,D,11,D_11,KT_1105,NC1_F_Tag20,NC2_R_Tag11,AAGGCGTT,TGTGTGCT,AAGGCGTT:TGTGTGCT,Grevys zebra
3,E,11,E_11,KT_1132,NC1_F_Tag21,NC2_R_Tag11,TTAACGCG,TGTGTGCT,TTAACGCG:TGTGTGCT,Hybrid zebra
3,F,11,F_11,CAM_102,NC1_F_Tag22,NC2_R_Tag11,AACAACCG,TGTGTGCT,AACAACCG:TGTGTGCT,Camel
3,G,11,G_11,GRE_208,NC1_F_Tag23,NC2_R_Tag11,ATGTTGGC,TGTGTGCT,ATGTTGGC:TGTGTGCT,Grevys zebra
3,H,11,H_11,POS,NC1_F_Tag24,NC2_R_Tag11,AATGCAGC,TGTGTGCT,AATGCAGC:TGTGTGCT,POS
3,A,12,A_12,WAR_101,NC1_F_Tag17,NC2_R_Tag12,ACGCTTGT,TTCCGCTT,ACGCTTGT:TTCCGCTT,Warthog
3,B,12,B_12,ORX_104,NC1_F_Tag18,NC2_R_Tag12,TTGCGGAA,TTCCGCTT,TTGCGGAA:TTCCGCTT,Oryx
3,C,12,C_12,GRE_211,NC1_F_Tag19,NC2_R_Tag12,ATTGGCTG,TTCCGCTT,ATTGGCTG:TTCCGCTT,Grevys zebra
3,D,12,D_12,Primer,NC1_F_Tag20,NC2_R_Tag12,AAGGCGTT,TTCCGCTT,AAGGCGTT:TTCCGCTT,Primer
3,E,12,E_12,CAM_110,NC1_F_Tag21,NC2_R_Tag12,TTAACGCG,TTCCGCTT,TTAACGCG:TTCCGCTT,Camel
3,F,12,F_12,ELE_14,NC1_F_Tag22,NC2_R_Tag12,AACAACCG,TTCCGCTT,AACAACCG:TTCCGCTT,Elephant
3,G,12,G_12,DIK_202,NC1_F_Tag23,NC2_R_Tag12,ATGTTGGC,TTCCGCTT,ATGTTGGC:TTCCGCTT,Dik-dik
3,H,12,H_12,POS,NC1_F_Tag24,NC2_R_Tag12,AATGCAGC,TTCCGCTT,AATGCAGC:TTCCGCTT,POS
4,A,1,A_1,Primer,NC1_F_Tag1,NC2_R_Tag13,GAGAGAGT,TCATGCGT,GAGAGAGT:TCATGCGT,Primer
4,B,1,B_1,LM_214,NC1_F_Tag2,NC2_R_Tag13,CCTATAGC,TCATGCGT,CCTATAGC:TCATGCGT,Giraffe
4,C,1,C_1,LM_314,NC1_F_Tag3,NC2_R_Tag13,CTATGGAG,TCATGCGT,CTATGGAG:TCATGCGT,Giraffe
4,D,1,D_1,LM_149,NC1_F_Tag4,NC2_R_Tag13,GGTCTACA,TCATGCGT,GGTCTACA:TCATGCGT,Warthog
4,E,1,E_1,KT_1105,NC1_F_Tag5,NC2_R_Tag13,CACTAGTC,TCATGCGT,CACTAGTC:TCATGCGT,Grevys zebra
4,F,1,F_1,KT_1132,NC1_F_Tag6,NC2_R_Tag13,GATCGGTA,TCATGCGT,GATCGGTA:TCATGCGT,Hybrid zebra
4,G,1,G_1,KUD_211,NC1_F_Tag7,NC2_R_Tag13,CCTCATCT,TCATGCGT,CCTCATCT:TCATGCGT,Kudu
4,H,1,H_1,LM_252,NC1_F_Tag8,NC2_R_Tag13,CGATATCC,TCATGCGT,CGATATCC:TCATGCGT,Donkey
4,A,2,A_2,LM_244,NC1_F_Tag1,NC2_R_Tag14,GAGAGAGT,TCGCATTC,GAGAGAGT:TCGCATTC,Warthog
4,B,2,B_2,Primer,NC1_F_Tag2,NC2_R_Tag14,CCTATAGC,TCGCATTC,CCTATAGC:TCGCATTC,Primer
4,C,2,C_2,LM_263,NC1_F_Tag3,NC2_R_Tag14,CTATGGAG,TCGCATTC,CTATGGAG:TCGCATTC,Oryx
4,D,2,D_2,LM_264,NC1_F_Tag4,NC2_R_Tag14,GGTCTACA,TCGCATTC,GGTCTACA:TCGCATTC,Oryx
4,E,2,E_2,PLA_223,NC1_F_Tag5,NC2_R_Tag14,CACTAGTC,TCGCATTC,CACTAGTC:TCGCATTC,Plains zebra
4,F,2,F_2,PLA_27,NC1_F_Tag6,NC2_R_Tag14,GATCGGTA,TCGCATTC,GATCGGTA:TCGCATTC,Plains zebra
4,G,2,G_2,KT_1156,NC1_F_Tag7,NC2_R_Tag14,CCTCATCT,TCGCATTC,CCTCATCT:TCGCATTC,Plains zebra
4,H,2,H_2,ORX_103,NC1_F_Tag8,NC2_R_Tag14,CGATATCC,TCGCATTC,CGATATCC:TCGCATTC,Oryx
4,A,3,A_3,LM_317,NC1_F_Tag1,NC2_R_Tag15,GAGAGAGT,ATGCCACA,GAGAGAGT:ATGCCACA,Giraffe
4,B,3,B_3,LM_195,NC1_F_Tag2,NC2_R_Tag15,CCTATAGC,ATGCCACA,CCTATAGC:ATGCCACA,Camel
4,C,3,C_3,Primer,NC1_F_Tag3,NC2_R_Tag15,CTATGGAG,ATGCCACA,CTATGGAG:ATGCCACA,Primer
4,D,3,D_3,DIK_139,NC1_F_Tag4,NC2_R_Tag15,GGTCTACA,ATGCCACA,GGTCTACA:ATGCCACA,Dik-dik
4,E,3,E_3,ELE_201,NC1_F_Tag5,NC2_R_Tag15,CACTAGTC,ATGCCACA,CACTAGTC:ATGCCACA,Elephant
4,F,3,F_3,KT_1024,NC1_F_Tag6,NC2_R_Tag15,GATCGGTA,ATGCCACA,GATCGGTA:ATGCCACA,Grevys zebra
4,G,3,G_3,GRE_27R,NC1_F_Tag7,NC2_R_Tag15,CCTCATCT,ATGCCACA,CCTCATCT:ATGCCACA,Grevys zebra
4,H,3,H_3,ORX_101,NC1_F_Tag8,NC2_R_Tag15,CGATATCC,ATGCCACA,CGATATCC:ATGCCACA,Oryx
4,A,4,A_4,LM_250,NC1_F_Tag1,NC2_R_Tag16,GAGAGAGT,TTGTTCCG,GAGAGAGT:TTGTTCCG,Donkey
4,B,4,B_4,LM_256,NC1_F_Tag2,NC2_R_Tag16,CCTATAGC,TTGTTCCG,CCTATAGC:TTGTTCCG,Donkey
4,C,4,C_4,LM_245,NC1_F_Tag3,NC2_R_Tag16,CTATGGAG,TTGTTCCG,CTATGGAG:TTGTTCCG,Warthog
4,D,4,D_4,Primer,NC1_F_Tag4,NC2_R_Tag16,GGTCTACA,TTGTTCCG,GGTCTACA:TTGTTCCG,Primer
4,E,4,E_4,KT_1136,NC1_F_Tag5,NC2_R_Tag16,CACTAGTC,TTGTTCCG,CACTAGTC:TTGTTCCG,Grevys zebra
4,F,4,F_4,CAM_101,NC1_F_Tag6,NC2_R_Tag16,GATCGGTA,TTGTTCCG,GATCGGTA:TTGTTCCG,Camel
4,G,4,G_4,KUD_214,NC1_F_Tag7,NC2_R_Tag16,CCTCATCT,TTGTTCCG,CCTCATCT:TTGTTCCG,Kudu
4,H,4,H_4,PLA_221,NC1_F_Tag8,NC2_R_Tag16,CGATATCC,TTGTTCCG,CGATATCC:TTGTTCCG,Plains zebra
4,A,5,A_5,LM_199,NC1_F_Tag1,NC2_R_Tag17,GAGAGAGT,ACGCTTGT,GAGAGAGT:ACGCTTGT,Camel
4,B,5,B_5,LM_251,NC1_F_Tag2,NC2_R_Tag17,CCTATAGC,ACGCTTGT,CCTATAGC:ACGCTTGT,Donkey
4,C,5,C_5,LM_313,NC1_F_Tag3,NC2_R_Tag17,CTATGGAG,ACGCTTGT,CTATGGAG:ACGCTTGT,Giraffe
4,D,5,D_5,DIK_214,NC1_F_Tag4,NC2_R_Tag17,GGTCTACA,ACGCTTGT,GGTCTACA:ACGCTTGT,Dik-dik
4,E,5,E_5,Primer,NC1_F_Tag5,NC2_R_Tag17,CACTAGTC,ACGCTTGT,CACTAGTC:ACGCTTGT,Primer
4,F,5,F_5,DIK_137,NC1_F_Tag6,NC2_R_Tag17,GATCGGTA,ACGCTTGT,GATCGGTA:ACGCTTGT,Dik-dik
4,G,5,G_5,PLA_207,NC1_F_Tag7,NC2_R_Tag17,CCTCATCT,ACGCTTGT,CCTCATCT:ACGCTTGT,Plains zebra
4,H,5,H_5,PLA_113,NC1_F_Tag8,NC2_R_Tag17,CGATATCC,ACGCTTGT,CGATATCC:ACGCTTGT,Plains zebra
4,A,6,A_6,LM_235,NC1_F_Tag1,NC2_R_Tag18,GAGAGAGT,TTGCGGAA,GAGAGAGT:TTGCGGAA,Oryx
4,B,6,B_6,LM_258,NC1_F_Tag2,NC2_R_Tag18,CCTATAGC,TTGCGGAA,CCTATAGC:TTGCGGAA,Donkey
4,C,6,C_6,COW_46,NC1_F_Tag3,NC2_R_Tag18,CTATGGAG,TTGCGGAA,CTATGGAG:TTGCGGAA,Cow
4,D,6,D_6,GRE_221,NC1_F_Tag4,NC2_R_Tag18,GGTCTACA,TTGCGGAA,GGTCTACA:TTGCGGAA,Grevys zebra
4,E,6,E_6,PLA_113,NC1_F_Tag5,NC2_R_Tag18,CACTAGTC,TTGCGGAA,CACTAGTC:TTGCGGAA,Plains zebra
4,F,6,F_6,Primer,NC1_F_Tag6,NC2_R_Tag18,GATCGGTA,TTGCGGAA,GATCGGTA:TTGCGGAA,Primer
4,G,6,G_6,KT_1158,NC1_F_Tag7,NC2_R_Tag18,CCTCATCT,TTGCGGAA,CCTCATCT:TTGCGGAA,Plains zebra
4,H,6,H_6,PLA_226,NC1_F_Tag8,NC2_R_Tag18,CGATATCC,TTGCGGAA,CGATATCC:TTGCGGAA,Plains zebra
4,A,7,A_7,LM_320,NC1_F_Tag1,NC2_R_Tag19,GAGAGAGT,ATTGGCTG,GAGAGAGT:ATTGGCTG,Eland
4,B,7,B_7,LM_253,NC1_F_Tag2,NC2_R_Tag19,CCTATAGC,ATTGGCTG,CCTATAGC:ATTGGCTG,Donkey
4,C,7,C_7,LM_105,NC1_F_Tag3,NC2_R_Tag19,CTATGGAG,ATTGGCTG,CTATGGAG:ATTGGCTG,Oryx
4,D,7,D_7,GRE_211,NC1_F_Tag4,NC2_R_Tag19,GGTCTACA,ATTGGCTG,GGTCTACA:ATTGGCTG,Grevys zebra
4,E,7,E_7,KT_1159,NC1_F_Tag5,NC2_R_Tag19,CACTAGTC,ATTGGCTG,CACTAGTC:ATTGGCTG,Plains zebra
4,F,7,F_7,PLA_228,NC1_F_Tag6,NC2_R_Tag19,GATCGGTA,ATTGGCTG,GATCGGTA:ATTGGCTG,Plains zebra
4,G,7,G_7,Primer,NC1_F_Tag7,NC2_R_Tag19,CCTCATCT,ATTGGCTG,CCTCATCT:ATTGGCTG,Primer
4,H,7,H_7,PLA_221,NC1_F_Tag8,NC2_R_Tag19,CGATATCC,ATTGGCTG,CGATATCC:ATTGGCTG,Plains zebra
4,A,8,A_8,LM_196,NC1_F_Tag1,NC2_R_Tag20,GAGAGAGT,AAGGCGTT,GAGAGAGT:AAGGCGTT,Camel
4,B,8,B_8,LM_305,NC1_F_Tag2,NC2_R_Tag20,CCTATAGC,AAGGCGTT,CCTATAGC:AAGGCGTT,Hartebeest
4,C,8,C_8,LM_321,NC1_F_Tag3,NC2_R_Tag20,CTATGGAG,AAGGCGTT,CTATGGAG:AAGGCGTT,Eland
4,D,8,D_8,KT_1050,NC1_F_Tag4,NC2_R_Tag20,GGTCTACA,AAGGCGTT,GGTCTACA:AAGGCGTT,Plains zebra
4,E,8,E_8,KUD_204,NC1_F_Tag5,NC2_R_Tag20,CACTAGTC,AAGGCGTT,CACTAGTC:AAGGCGTT,Kudu
4,F,8,F_8,KT_1151,NC1_F_Tag6,NC2_R_Tag20,GATCGGTA,AAGGCGTT,GATCGGTA:AAGGCGTT,Plains zebra
4,G,8,G_8,DIK_202,NC1_F_Tag7,NC2_R_Tag20,CCTCATCT,AAGGCGTT,CCTCATCT:AAGGCGTT,Dik-dik
4,H,8,H_8,Primer,NC1_F_Tag8,NC2_R_Tag20,CGATATCC,AAGGCGTT,CGATATCC:AAGGCGTT,Primer
4,A,9,A_9,Primer,NC1_F_Tag1,NC2_R_Tag21,GAGAGAGT,TTAACGCG,GAGAGAGT:TTAACGCG,Primer
4,B,9,B_9,LM_316,NC1_F_Tag2,NC2_R_Tag21,CCTATAGC,TTAACGCG,CCTATAGC:TTAACGCG,Giraffe
4,C,9,C_9,LM_198,NC1_F_Tag3,NC2_R_Tag21,CTATGGAG,TTAACGCG,CTATGGAG:TTAACGCG,Camel
4,D,9,D_9,DIK_133,NC1_F_Tag4,NC2_R_Tag21,GGTCTACA,TTAACGCG,GGTCTACA:TTAACGCG,Dik-dik
4,E,9,E_9,GRE_217,NC1_F_Tag5,NC2_R_Tag21,CACTAGTC,TTAACGCG,CACTAGTC:TTAACGCG,Grevys zebra
4,F,9,F_9,GRE_113,NC1_F_Tag6,NC2_R_Tag21,GATCGGTA,TTAACGCG,GATCGGTA:TTAACGCG,Grevys zebra
4,G,9,G_9,KT_1033,NC1_F_Tag7,NC2_R_Tag21,CCTCATCT,TTAACGCG,CCTCATCT:TTAACGCG,Hybrid zebra
4,H,9,H_9,PLA_223,NC1_F_Tag8,NC2_R_Tag21,CGATATCC,TTAACGCG,CGATATCC:TTAACGCG,Plains zebra
4,A,10,A_10,LM_210,NC1_F_Tag1,NC2_R_Tag22,GAGAGAGT,AACAACCG,GAGAGAGT:AACAACCG,Eland
4,B,10,B_10,Primer,NC1_F_Tag2,NC2_R_Tag22,CCTATAGC,AACAACCG,CCTATAGC:AACAACCG,Primer
4,C,10,C_10,LM_254,NC1_F_Tag3,NC2_R_Tag22,CTATGGAG,AACAACCG,CTATGGAG:AACAACCG,Donkey
4,D,10,D_10,PLA_32R,NC1_F_Tag4,NC2_R_Tag22,GGTCTACA,AACAACCG,GGTCTACA:AACAACCG,Plains zebra
4,E,10,E_10,KUD_104,NC1_F_Tag5,NC2_R_Tag22,CACTAGTC,AACAACCG,CACTAGTC:AACAACCG,Kudu
4,F,10,F_10,GRE_222,NC1_F_Tag6,NC2_R_Tag22,GATCGGTA,AACAACCG,GATCGGTA:AACAACCG,Grevys zebra
4,G,10,G_10,DIK_151,NC1_F_Tag7,NC2_R_Tag22,CCTCATCT,AACAACCG,CCTCATCT:AACAACCG,Dik-dik
4,H,10,H_10,NEG,NC1_F_Tag8,NC2_R_Tag22,CGATATCC,AACAACCG,CGATATCC:AACAACCG,NEG
4,A,11,A_11,COW_24,NC1_F_Tag1,NC2_R_Tag23,GAGAGAGT,ATGTTGGC,GAGAGAGT:ATGTTGGC,Cow
4,B,11,B_11,LM_154,NC1_F_Tag2,NC2_R_Tag23,CCTATAGC,ATGTTGGC,CCTATAGC:ATGTTGGC,Giraffe
4,C,11,C_11,Primer,NC1_F_Tag3,NC2_R_Tag23,CTATGGAG,ATGTTGGC,CTATGGAG:ATGTTGGC,Primer
4,D,11,D_11,GRE_31R,NC1_F_Tag4,NC2_R_Tag23,GGTCTACA,ATGTTGGC,GGTCTACA:ATGTTGGC,Grevys zebra
4,E,11,E_11,PLA_236,NC1_F_Tag5,NC2_R_Tag23,CACTAGTC,ATGTTGGC,CACTAGTC:ATGTTGGC,Plains zebra
4,F,11,F_11,PLA_226,NC1_F_Tag6,NC2_R_Tag23,GATCGGTA,ATGTTGGC,GATCGGTA:ATGTTGGC,Plains zebra
4,G,11,G_11,LM_197,NC1_F_Tag7,NC2_R_Tag23,CCTCATCT,ATGTTGGC,CCTCATCT:ATGTTGGC,Camel
4,H,11,H_11,POS,NC1_F_Tag8,NC2_R_Tag23,CGATATCC,ATGTTGGC,CGATATCC:ATGTTGGC,POS
4,A,12,A_12,LM_209,NC1_F_Tag1,NC2_R_Tag24,GAGAGAGT,AATGCAGC,GAGAGAGT:AATGCAGC,Eland
4,B,12,B_12,LM_144,NC1_F_Tag2,NC2_R_Tag24,CCTATAGC,AATGCAGC,CCTATAGC:AATGCAGC,Giraffe
4,C,12,C_12,LM_143,NC1_F_Tag3,NC2_R_Tag24,CTATGGAG,AATGCAGC,CTATGGAG:AATGCAGC,Giraffe
4,D,12,D_12,Primer,NC1_F_Tag4,NC2_R_Tag24,GGTCTACA,AATGCAGC,GGTCTACA:AATGCAGC,Primer
4,E,12,E_12,KT_1165,NC1_F_Tag5,NC2_R_Tag24,CACTAGTC,AATGCAGC,CACTAGTC:AATGCAGC,Plains zebra
4,F,12,F_12,PLA_29,NC1_F_Tag6,NC2_R_Tag24,GATCGGTA,AATGCAGC,GATCGGTA:AATGCAGC,Plains zebra
4,G,12,G_12,LM_103,NC1_F_Tag7,NC2_R_Tag24,CCTCATCT,AATGCAGC,CCTCATCT:AATGCAGC,Oryx
4,H,12,H_12,POS,NC1_F_Tag8,NC2_R_Tag24,CGATATCC,AATGCAGC,CGATATCC:AATGCAGC,POS
5,A,1,A_1,Primer,NC1_F_Tag9,NC2_R_Tag13,CTTCTCGA,TCATGCGT,CTTCTCGA:TCATGCGT,Primer
5,B,1,B_1,NYI_17_017,NC1_F_Tag10,NC2_R_Tag13,CCGATGTA,TCATGCGT,CCGATGTA:TCATGCGT,Plains zebra
5,C,1,C_1,NYI_17_018,NC1_F_Tag11,NC2_R_Tag13,CTAAGCTC,TCATGCGT,CTAAGCTC:TCATGCGT,Plains zebra
5,D,1,D_1,NYI_17_019,NC1_F_Tag12,NC2_R_Tag13,GATGACTC,TCATGCGT,GATGACTC:TCATGCGT,Plains zebra
5,E,1,E_1,NYI_17_020,NC1_F_Tag13,NC2_R_Tag13,TCATGCGT,TCATGCGT,TCATGCGT:TCATGCGT,Plains zebra
5,F,1,F_1,NYI_17_021,NC1_F_Tag14,NC2_R_Tag13,TCGCATTC,TCATGCGT,TCGCATTC:TCATGCGT,Plains zebra
5,G,1,G_1,NYI_17_022,NC1_F_Tag15,NC2_R_Tag13,ATGCCACA,TCATGCGT,ATGCCACA:TCATGCGT,Plains zebra
5,H,1,H_1,NYI_17_039,NC1_F_Tag16,NC2_R_Tag13,TTGTTCCG,TCATGCGT,TTGTTCCG:TCATGCGT,Plains zebra
5,A,2,A_2,NYI_17_040,NC1_F_Tag9,NC2_R_Tag14,CTTCTCGA,TCGCATTC,CTTCTCGA:TCGCATTC,Plains zebra
5,B,2,B_2,Primer,NC1_F_Tag10,NC2_R_Tag14,CCGATGTA,TCGCATTC,CCGATGTA:TCGCATTC,Primer
5,C,2,C_2,NYI_17_042,NC1_F_Tag11,NC2_R_Tag14,CTAAGCTC,TCGCATTC,CTAAGCTC:TCGCATTC,Elephant
5,D,2,D_2,NYI_17_043,NC1_F_Tag12,NC2_R_Tag14,GATGACTC,TCGCATTC,GATGACTC:TCGCATTC,Plains zebra
5,E,2,E_2,NYI_17_044,NC1_F_Tag13,NC2_R_Tag14,TCATGCGT,TCGCATTC,TCATGCGT:TCGCATTC,Plains zebra
5,F,2,F_2,NYI_17_045,NC1_F_Tag14,NC2_R_Tag14,TCGCATTC,TCGCATTC,TCGCATTC:TCGCATTC,Plains zebra
5,G,2,G_2,NYI_17_048,NC1_F_Tag15,NC2_R_Tag14,ATGCCACA,TCGCATTC,ATGCCACA:TCGCATTC,Plains zebra
5,H,2,H_2,NYI_17_049,NC1_F_Tag16,NC2_R_Tag14,TTGTTCCG,TCGCATTC,TTGTTCCG:TCGCATTC,Plains zebra
5,A,3,A_3,NYI_17_046,NC1_F_Tag9,NC2_R_Tag15,CTTCTCGA,ATGCCACA,CTTCTCGA:ATGCCACA,Plains zebra
5,B,3,B_3,NYI_17_047,NC1_F_Tag10,NC2_R_Tag15,CCGATGTA,ATGCCACA,CCGATGTA:ATGCCACA,Plains zebra
5,C,3,C_3,Primer,NC1_F_Tag11,NC2_R_Tag15,CTAAGCTC,ATGCCACA,CTAAGCTC:ATGCCACA,Primer
5,D,3,D_3,NYI_17_064,NC1_F_Tag12,NC2_R_Tag15,GATGACTC,ATGCCACA,GATGACTC:ATGCCACA,Warthog
5,E,3,E_3,NYI_17_077,NC1_F_Tag13,NC2_R_Tag15,TCATGCGT,ATGCCACA,TCATGCGT:ATGCCACA,Elephant
5,F,3,F_3,KAF_17_148,NC1_F_Tag14,NC2_R_Tag15,TCGCATTC,ATGCCACA,TCGCATTC:ATGCCACA,Elephant
5,G,3,G_3,KAF_17_150,NC1_F_Tag15,NC2_R_Tag15,ATGCCACA,ATGCCACA,ATGCCACA:ATGCCACA,Elephant
5,H,3,H_3,KAF_17_154,NC1_F_Tag16,NC2_R_Tag15,TTGTTCCG,ATGCCACA,TTGTTCCG:ATGCCACA,Warthog
5,A,4,A_4,KAF_17_155,NC1_F_Tag9,NC2_R_Tag16,CTTCTCGA,TTGTTCCG,CTTCTCGA:TTGTTCCG,Impala
5,B,4,B_4,KAF_17_157,NC1_F_Tag10,NC2_R_Tag16,CCGATGTA,TTGTTCCG,CCGATGTA:TTGTTCCG,Warthog
5,C,4,C_4,KAF_17_177,NC1_F_Tag11,NC2_R_Tag16,CTAAGCTC,TTGTTCCG,CTAAGCTC:TTGTTCCG,Elephant
5,D,4,D_4,Primer,NC1_F_Tag12,NC2_R_Tag16,GATGACTC,TTGTTCCG,GATGACTC:TTGTTCCG,Primer
5,E,4,E_4,KAF_17_184,NC1_F_Tag13,NC2_R_Tag16,TCATGCGT,TTGTTCCG,TCATGCGT:TTGTTCCG,Elephant
5,F,4,F_4,KAF_17_186,NC1_F_Tag14,NC2_R_Tag16,TCGCATTC,TTGTTCCG,TCGCATTC:TTGTTCCG,Elephant
5,G,4,G_4,KAF_17_188,NC1_F_Tag15,NC2_R_Tag16,ATGCCACA,TTGTTCCG,ATGCCACA:TTGTTCCG,Elephant
5,H,4,H_4,KAF_17_193,NC1_F_Tag16,NC2_R_Tag16,TTGTTCCG,TTGTTCCG,TTGTTCCG:TTGTTCCG,Elephant
5,A,5,A_5,KAF_17_195,NC1_F_Tag9,NC2_R_Tag17,CTTCTCGA,ACGCTTGT,CTTCTCGA:ACGCTTGT,Elephant
5,B,5,B_5,HIP_17_002,NC1_F_Tag10,NC2_R_Tag17,CCGATGTA,ACGCTTGT,CCGATGTA:ACGCTTGT,Warthog
5,C,5,C_5,HIP_17_007,NC1_F_Tag11,NC2_R_Tag17,CTAAGCTC,ACGCTTGT,CTAAGCTC:ACGCTTGT,Elephant
5,D,5,D_5,HIP_17_009,NC1_F_Tag12,NC2_R_Tag17,GATGACTC,ACGCTTGT,GATGACTC:ACGCTTGT,Elephant
5,E,5,E_5,Primer,NC1_F_Tag13,NC2_R_Tag17,TCATGCGT,ACGCTTGT,TCATGCGT:ACGCTTGT,Primer
5,F,5,F_5,HIP_17_010,NC1_F_Tag14,NC2_R_Tag17,TCGCATTC,ACGCTTGT,TCGCATTC:ACGCTTGT,Elephant
5,G,5,G_5,HIP_17_013,NC1_F_Tag15,NC2_R_Tag17,ATGCCACA,ACGCTTGT,ATGCCACA:ACGCTTGT,Impala
5,H,5,H_5,HIP_17_014,NC1_F_Tag16,NC2_R_Tag17,TTGTTCCG,ACGCTTGT,TTGTTCCG:ACGCTTGT,Elephant
5,A,6,A_6,HIP_17_015,NC1_F_Tag9,NC2_R_Tag18,CTTCTCGA,TTGCGGAA,CTTCTCGA:TTGCGGAA,Impala
5,B,6,B_6,HIP_17_016,NC1_F_Tag10,NC2_R_Tag18,CCGATGTA,TTGCGGAA,CCGATGTA:TTGCGGAA,Impala
5,C,6,C_6,HIP_17_017,NC1_F_Tag11,NC2_R_Tag18,CTAAGCTC,TTGCGGAA,CTAAGCTC:TTGCGGAA,Impala
5,D,6,D_6,HIP_17_020,NC1_F_Tag12,NC2_R_Tag18,GATGACTC,TTGCGGAA,GATGACTC:TTGCGGAA,Impala
5,E,6,E_6,HIP_17_021,NC1_F_Tag13,NC2_R_Tag18,TCATGCGT,TTGCGGAA,TCATGCGT:TTGCGGAA,Impala
5,F,6,F_6,Primer,NC1_F_Tag14,NC2_R_Tag18,TCGCATTC,TTGCGGAA,TCGCATTC:TTGCGGAA,Primer
5,G,6,G_6,HIP_17_022,NC1_F_Tag15,NC2_R_Tag18,ATGCCACA,TTGCGGAA,ATGCCACA:TTGCGGAA,Impala
5,H,6,H_6,HIP_17_018,NC1_F_Tag16,NC2_R_Tag18,TTGTTCCG,TTGCGGAA,TTGTTCCG:TTGCGGAA,Warthog
5,A,7,A_7,HIP_17_019,NC1_F_Tag9,NC2_R_Tag19,CTTCTCGA,ATTGGCTG,CTTCTCGA:ATTGGCTG,Impala
5,B,7,B_7,HIP_17_028,NC1_F_Tag10,NC2_R_Tag19,CCGATGTA,ATTGGCTG,CCGATGTA:ATTGGCTG,Buffalo
5,C,7,C_7,HIP_17_030,NC1_F_Tag11,NC2_R_Tag19,CTAAGCTC,ATTGGCTG,CTAAGCTC:ATTGGCTG,Plains zebra
5,D,7,D_7,HIP_17_032,NC1_F_Tag12,NC2_R_Tag19,GATGACTC,ATTGGCTG,GATGACTC:ATTGGCTG,Elephant
5,E,7,E_7,HIP_17_034,NC1_F_Tag13,NC2_R_Tag19,TCATGCGT,ATTGGCTG,TCATGCGT:ATTGGCTG,Elephant
5,F,7,F_7,HIP_17_035,NC1_F_Tag14,NC2_R_Tag19,TCGCATTC,ATTGGCTG,TCGCATTC:ATTGGCTG,Plains zebra
5,G,7,G_7,Primer,NC1_F_Tag15,NC2_R_Tag19,ATGCCACA,ATTGGCTG,ATGCCACA:ATTGGCTG,Primer
5,H,7,H_7,HIP_17_036,NC1_F_Tag16,NC2_R_Tag19,TTGTTCCG,ATTGGCTG,TTGTTCCG:ATTGGCTG,Impala
5,A,8,A_8,HIP_17_044,NC1_F_Tag9,NC2_R_Tag20,CTTCTCGA,AAGGCGTT,CTTCTCGA:AAGGCGTT,Warthog
5,B,8,B_8,HIP_17_054,NC1_F_Tag10,NC2_R_Tag20,CCGATGTA,AAGGCGTT,CCGATGTA:AAGGCGTT,Buffalo
5,C,8,C_8,HIP_17_055,NC1_F_Tag11,NC2_R_Tag20,CTAAGCTC,AAGGCGTT,CTAAGCTC:AAGGCGTT,Plains zebra
5,D,8,D_8,HIP_17_058,NC1_F_Tag12,NC2_R_Tag20,GATGACTC,AAGGCGTT,GATGACTC:AAGGCGTT,Impala
5,E,8,E_8,HIP_17_059,NC1_F_Tag13,NC2_R_Tag20,TCATGCGT,AAGGCGTT,TCATGCGT:AAGGCGTT,Impala
5,F,8,F_8,HIP_17_060,NC1_F_Tag14,NC2_R_Tag20,TCGCATTC,AAGGCGTT,TCGCATTC:AAGGCGTT,Impala
5,G,8,G_8,HIP_17_052,NC1_F_Tag15,NC2_R_Tag20,ATGCCACA,AAGGCGTT,ATGCCACA:AAGGCGTT,Buffalo
5,H,8,H_8,Primer,NC1_F_Tag16,NC2_R_Tag20,TTGTTCCG,AAGGCGTT,TTGTTCCG:AAGGCGTT,Primer
5,A,9,A_9,Primer,NC1_F_Tag9,NC2_R_Tag21,CTTCTCGA,TTAACGCG,CTTCTCGA:TTAACGCG,Primer
5,B,9,B_9,HIP_17_053,NC1_F_Tag10,NC2_R_Tag21,CCGATGTA,TTAACGCG,CCGATGTA:TTAACGCG,Warthog
5,C,9,C_9,HIP_17_074,NC1_F_Tag11,NC2_R_Tag21,CTAAGCTC,TTAACGCG,CTAAGCTC:TTAACGCG,Plains zebra
5,D,9,D_9,HIP_17_080,NC1_F_Tag12,NC2_R_Tag21,GATGACTC,TTAACGCG,GATGACTC:TTAACGCG,Plains zebra
5,E,9,E_9,HIP_17_081,NC1_F_Tag13,NC2_R_Tag21,TCATGCGT,TTAACGCG,TCATGCGT:TTAACGCG,Plains zebra
5,F,9,F_9,HIP_17_082,NC1_F_Tag14,NC2_R_Tag21,TCGCATTC,TTAACGCG,TCGCATTC:TTAACGCG,Plains zebra
5,G,9,G_9,HIP_17_103,NC1_F_Tag15,NC2_R_Tag21,ATGCCACA,TTAACGCG,ATGCCACA:TTAACGCG,Elephant
5,H,9,H_9,HIP_17_104,NC1_F_Tag16,NC2_R_Tag21,TTGTTCCG,TTAACGCG,TTGTTCCG:TTAACGCG,Elephant
5,A,10,A_10,HIP_17_093,NC1_F_Tag9,NC2_R_Tag22,CTTCTCGA,AACAACCG,CTTCTCGA:AACAACCG,Elephant
5,B,10,B_10,Primer,NC1_F_Tag10,NC2_R_Tag22,CCGATGTA,AACAACCG,CCGATGTA:AACAACCG,Primer
5,C,10,C_10,HIP_17_094,NC1_F_Tag11,NC2_R_Tag22,CTAAGCTC,AACAACCG,CTAAGCTC:AACAACCG,Elephant
5,D,10,D_10,HIP_17_098,NC1_F_Tag12,NC2_R_Tag22,GATGACTC,AACAACCG,GATGACTC:AACAACCG,Impala
5,E,10,E_10,HIP_17_101,NC1_F_Tag13,NC2_R_Tag22,TCATGCGT,AACAACCG,TCATGCGT:AACAACCG,Elephant
5,F,10,F_10,HIP_17_102,NC1_F_Tag14,NC2_R_Tag22,TCGCATTC,AACAACCG,TCGCATTC:AACAACCG,Elephant
5,G,10,G_10,HIP_17_097,NC1_F_Tag15,NC2_R_Tag22,ATGCCACA,AACAACCG,ATGCCACA:AACAACCG,Impala
5,H,10,H_10,HIP_17_106,NC1_F_Tag16,NC2_R_Tag22,TTGTTCCG,AACAACCG,TTGTTCCG:AACAACCG,Elephant
5,A,11,A_11,HIP_17_109,NC1_F_Tag9,NC2_R_Tag23,CTTCTCGA,ATGTTGGC,CTTCTCGA:ATGTTGGC,Elephant
5,B,11,B_11,HIP_17_110,NC1_F_Tag10,NC2_R_Tag23,CCGATGTA,ATGTTGGC,CCGATGTA:ATGTTGGC,Elephant
5,C,11,C_11,Primer,NC1_F_Tag11,NC2_R_Tag23,CTAAGCTC,ATGTTGGC,CTAAGCTC:ATGTTGGC,Primer
5,D,11,D_11,HIP_17_112,NC1_F_Tag12,NC2_R_Tag23,GATGACTC,ATGTTGGC,GATGACTC:ATGTTGGC,Plains zebra
5,E,11,E_11,HIP_17_113,NC1_F_Tag13,NC2_R_Tag23,TCATGCGT,ATGTTGGC,TCATGCGT:ATGTTGGC,Elephant
5,F,11,F_11,HIP_17_114,NC1_F_Tag14,NC2_R_Tag23,TCGCATTC,ATGTTGGC,TCGCATTC:ATGTTGGC,Elephant
5,G,11,G_11,HIP_17_115,NC1_F_Tag15,NC2_R_Tag23,ATGCCACA,ATGTTGGC,ATGCCACA:ATGTTGGC,Elephant
5,H,11,H_11,HIP_17_121,NC1_F_Tag16,NC2_R_Tag23,TTGTTCCG,ATGTTGGC,TTGTTCCG:ATGTTGGC,Elephant
5,A,12,A_12,HIP_17_126,NC1_F_Tag9,NC2_R_Tag24,CTTCTCGA,AATGCAGC,CTTCTCGA:AATGCAGC,Plains zebra
5,B,12,B_12,HIP_17_132,NC1_F_Tag10,NC2_R_Tag24,CCGATGTA,AATGCAGC,CCGATGTA:AATGCAGC,Plains zebra
5,C,12,C_12,HIP_17_133,NC1_F_Tag11,NC2_R_Tag24,CTAAGCTC,AATGCAGC,CTAAGCTC:AATGCAGC,Impala
5,D,12,D_12,Primer,NC1_F_Tag12,NC2_R_Tag24,GATGACTC,AATGCAGC,GATGACTC:AATGCAGC,Primer
5,E,12,E_12,KNP_17_041,NC1_F_Tag13,NC2_R_Tag24,TCATGCGT,AATGCAGC,TCATGCGT:AATGCAGC,Impala
5,F,12,F_12,KNP_17_042,NC1_F_Tag14,NC2_R_Tag24,TCGCATTC,AATGCAGC,TCGCATTC:AATGCAGC,Impala
5,G,12,G_12,KNP_17_069,NC1_F_Tag15,NC2_R_Tag24,ATGCCACA,AATGCAGC,ATGCCACA:AATGCAGC,Kudu
5,H,12,H_12,KAF_17_002,NC1_F_Tag16,NC2_R_Tag24,TTGTTCCG,AATGCAGC,TTGTTCCG:AATGCAGC,Elephant
6,A,1,A_1,Primer,NC1_F_Tag17,NC2_R_Tag13,ACGCTTGT,TCATGCGT,ACGCTTGT:TCATGCGT,Primer
6,B,1,B_1,KAF_17_003,NC1_F_Tag18,NC2_R_Tag13,TTGCGGAA,TCATGCGT,TTGCGGAA:TCATGCGT,Elephant
6,C,1,C_1,KAF_17_007,NC1_F_Tag19,NC2_R_Tag13,ATTGGCTG,TCATGCGT,ATTGGCTG:TCATGCGT,Impala
6,D,1,D_1,KAF_17_011,NC1_F_Tag20,NC2_R_Tag13,AAGGCGTT,TCATGCGT,AAGGCGTT:TCATGCGT,Elephant
6,E,1,E_1,KAF_17_013,NC1_F_Tag21,NC2_R_Tag13,TTAACGCG,TCATGCGT,TTAACGCG:TCATGCGT,Kudu
6,F,1,F_1,KAF_17_015,NC1_F_Tag22,NC2_R_Tag13,AACAACCG,TCATGCGT,AACAACCG:TCATGCGT,Kudu
6,G,1,G_1,KAF_17_017,NC1_F_Tag23,NC2_R_Tag13,ATGTTGGC,TCATGCGT,ATGTTGGC:TCATGCGT,Kudu
6,H,1,H_1,KAF_17_018,NC1_F_Tag24,NC2_R_Tag13,AATGCAGC,TCATGCGT,AATGCAGC:TCATGCGT,Impala
6,A,2,A_2,KAF_17_024,NC1_F_Tag17,NC2_R_Tag14,ACGCTTGT,TCGCATTC,ACGCTTGT:TCGCATTC,Impala
6,B,2,B_2,Primer,NC1_F_Tag18,NC2_R_Tag14,TTGCGGAA,TCGCATTC,TTGCGGAA:TCGCATTC,Primer
6,C,2,C_2,KAF_17_025,NC1_F_Tag19,NC2_R_Tag14,ATTGGCTG,TCGCATTC,ATTGGCTG:TCGCATTC,Impala
6,D,2,D_2,KAF_17_027,NC1_F_Tag20,NC2_R_Tag14,AAGGCGTT,TCGCATTC,AAGGCGTT:TCGCATTC,Elephant
6,E,2,E_2,KAF_17_029,NC1_F_Tag21,NC2_R_Tag14,TTAACGCG,TCGCATTC,TTAACGCG:TCGCATTC,Impala
6,F,2,F_2,KAF_17_030,NC1_F_Tag22,NC2_R_Tag14,AACAACCG,TCGCATTC,AACAACCG:TCGCATTC,Impala
6,G,2,G_2,KAF_17_034,NC1_F_Tag23,NC2_R_Tag14,ATGTTGGC,TCGCATTC,ATGTTGGC:TCGCATTC,Warthog
6,H,2,H_2,KAF_17_035,NC1_F_Tag24,NC2_R_Tag14,AATGCAGC,TCGCATTC,AATGCAGC:TCGCATTC,Warthog
6,A,3,A_3,KAF_17_036,NC1_F_Tag17,NC2_R_Tag15,ACGCTTGT,ATGCCACA,ACGCTTGT:ATGCCACA,Warthog
6,B,3,B_3,KAF_17_043,NC1_F_Tag18,NC2_R_Tag15,TTGCGGAA,ATGCCACA,TTGCGGAA:ATGCCACA,Elephant
6,C,3,C_3,Primer,NC1_F_Tag19,NC2_R_Tag15,ATTGGCTG,ATGCCACA,ATTGGCTG:ATGCCACA,Primer
6,D,3,D_3,KAF_17_045,NC1_F_Tag20,NC2_R_Tag15,AAGGCGTT,ATGCCACA,AAGGCGTT:ATGCCACA,Buffalo
6,E,3,E_3,KAF_17_046,NC1_F_Tag21,NC2_R_Tag15,TTAACGCG,ATGCCACA,TTAACGCG:ATGCCACA,Buffalo
6,F,3,F_3,KAF_17_074,NC1_F_Tag22,NC2_R_Tag15,AACAACCG,ATGCCACA,AACAACCG:ATGCCACA,Buffalo
6,G,3,G_3,KAF_17_061,NC1_F_Tag23,NC2_R_Tag15,ATGTTGGC,ATGCCACA,ATGTTGGC:ATGCCACA,Elephant
6,H,3,H_3,KAF_17_076,NC1_F_Tag24,NC2_R_Tag15,AATGCAGC,ATGCCACA,AATGCAGC:ATGCCACA,Buffalo
6,A,4,A_4,KAF_17_077,NC1_F_Tag17,NC2_R_Tag16,ACGCTTGT,TTGTTCCG,ACGCTTGT:TTGTTCCG,Buffalo
6,B,4,B_4,KAF_17_064,NC1_F_Tag18,NC2_R_Tag16,TTGCGGAA,TTGTTCCG,TTGCGGAA:TTGTTCCG,Elephant
6,C,4,C_4,KAF_17_065,NC1_F_Tag19,NC2_R_Tag16,ATTGGCTG,TTGTTCCG,ATTGGCTG:TTGTTCCG,Warthog
6,D,4,D_4,Primer,NC1_F_Tag20,NC2_R_Tag16,AAGGCGTT,TTGTTCCG,AAGGCGTT:TTGTTCCG,Primer
6,E,4,E_4,KAF_17_062,NC1_F_Tag21,NC2_R_Tag16,TTAACGCG,TTGTTCCG,TTAACGCG:TTGTTCCG,Elephant
6,F,4,F_4,KAF_17_063,NC1_F_Tag22,NC2_R_Tag16,AACAACCG,TTGTTCCG,AACAACCG:TTGTTCCG,Elephant
6,G,4,G_4,KAF_17_086,NC1_F_Tag23,NC2_R_Tag16,ATGTTGGC,TTGTTCCG,ATGTTGGC:TTGTTCCG,Buffalo
6,H,4,H_4,KAF_17_102,NC1_F_Tag24,NC2_R_Tag16,AATGCAGC,TTGTTCCG,AATGCAGC:TTGTTCCG,Warthog
6,A,5,A_5,KAF_17_105,NC1_F_Tag17,NC2_R_Tag17,ACGCTTGT,ACGCTTGT,ACGCTTGT:ACGCTTGT,Warthog
6,B,5,B_5,KAF_17_098,NC1_F_Tag18,NC2_R_Tag17,TTGCGGAA,ACGCTTGT,TTGCGGAA:ACGCTTGT,Impala
6,C,5,C_5,KAF_17_100,NC1_F_Tag19,NC2_R_Tag17,ATTGGCTG,ACGCTTGT,ATTGGCTG:ACGCTTGT,Impala
6,D,5,D_5,KAF_17_115,NC1_F_Tag20,NC2_R_Tag17,AAGGCGTT,ACGCTTGT,AAGGCGTT:ACGCTTGT,Impala
6,E,5,E_5,Primer,NC1_F_Tag21,NC2_R_Tag17,TTAACGCG,ACGCTTGT,TTAACGCG:ACGCTTGT,Primer
6,F,5,F_5,KAF_17_116,NC1_F_Tag22,NC2_R_Tag17,AACAACCG,ACGCTTGT,AACAACCG:ACGCTTGT,Impala
6,G,5,G_5,KAF_17_117,NC1_F_Tag23,NC2_R_Tag17,ATGTTGGC,ACGCTTGT,ATGTTGGC:ACGCTTGT,Impala
6,H,5,H_5,KAF_17_122,NC1_F_Tag24,NC2_R_Tag17,AATGCAGC,ACGCTTGT,AATGCAGC:ACGCTTGT,Impala
6,A,6,A_6,KAF_17_125,NC1_F_Tag17,NC2_R_Tag18,ACGCTTGT,TTGCGGAA,ACGCTTGT:TTGCGGAA,Warthog
6,B,6,B_6,KAF_17_126,NC1_F_Tag18,NC2_R_Tag18,TTGCGGAA,TTGCGGAA,TTGCGGAA:TTGCGGAA,Kudu
6,C,6,C_6,KAF_17_128,NC1_F_Tag19,NC2_R_Tag18,ATTGGCTG,TTGCGGAA,ATTGGCTG:TTGCGGAA,Elephant
6,D,6,D_6,KAF_17_131,NC1_F_Tag20,NC2_R_Tag18,AAGGCGTT,TTGCGGAA,AAGGCGTT:TTGCGGAA,Warthog
6,E,6,E_6,KAF_17_133,NC1_F_Tag21,NC2_R_Tag18,TTAACGCG,TTGCGGAA,TTAACGCG:TTGCGGAA,Impala
6,F,6,F_6,Primer,NC1_F_Tag22,NC2_R_Tag18,AACAACCG,TTGCGGAA,AACAACCG:TTGCGGAA,Primer
6,G,6,G_6,KAF_17_134,NC1_F_Tag23,NC2_R_Tag18,ATGTTGGC,TTGCGGAA,ATGTTGGC:TTGCGGAA,Warthog
6,H,6,H_6,KAF_17_136,NC1_F_Tag24,NC2_R_Tag18,AATGCAGC,TTGCGGAA,AATGCAGC:TTGCGGAA,Warthog
6,A,7,A_7,KAF_17_137,NC1_F_Tag17,NC2_R_Tag19,ACGCTTGT,ATTGGCTG,ACGCTTGT:ATTGGCTG,Impala
6,B,7,B_7,KAF_17_138,NC1_F_Tag18,NC2_R_Tag19,TTGCGGAA,ATTGGCTG,TTGCGGAA:ATTGGCTG,Elephant
6,C,7,C_7,KAF_17_139,NC1_F_Tag19,NC2_R_Tag19,ATTGGCTG,ATTGGCTG,ATTGGCTG:ATTGGCTG,Warthog
6,D,7,D_7,KAF_17_141,NC1_F_Tag20,NC2_R_Tag19,AAGGCGTT,ATTGGCTG,AAGGCGTT:ATTGGCTG,Warthog
6,E,7,E_7,KAF_17_142,NC1_F_Tag21,NC2_R_Tag19,TTAACGCG,ATTGGCTG,TTAACGCG:ATTGGCTG,Impala
6,F,7,F_7,KAF_17_143,NC1_F_Tag22,NC2_R_Tag19,AACAACCG,ATTGGCTG,AACAACCG:ATTGGCTG,Kudu
6,G,7,G_7,Primer,NC1_F_Tag23,NC2_R_Tag19,ATGTTGGC,ATTGGCTG,ATGTTGGC:ATTGGCTG,Primer
6,H,7,H_7,KAF_17_144,NC1_F_Tag24,NC2_R_Tag19,AATGCAGC,ATTGGCTG,AATGCAGC:ATTGGCTG,Kudu
6,A,8,A_8,KNP_17_003,NC1_F_Tag17,NC2_R_Tag20,ACGCTTGT,AAGGCGTT,ACGCTTGT:AAGGCGTT,Impala
6,B,8,B_8,KNP_17_035,NC1_F_Tag18,NC2_R_Tag20,TTGCGGAA,AAGGCGTT,TTGCGGAA:AAGGCGTT,Plains zebra
6,C,8,C_8,KNP_17_036,NC1_F_Tag19,NC2_R_Tag20,ATTGGCTG,AAGGCGTT,ATTGGCTG:AAGGCGTT,Plains zebra
6,D,8,D_8,KNP_17_008,NC1_F_Tag20,NC2_R_Tag20,AAGGCGTT,AAGGCGTT,AAGGCGTT:AAGGCGTT,Impala
6,E,8,E_8,KNP_17_009,NC1_F_Tag21,NC2_R_Tag20,TTAACGCG,AAGGCGTT,TTAACGCG:AAGGCGTT,Impala
6,F,8,F_8,KNP_17_004,NC1_F_Tag22,NC2_R_Tag20,AACAACCG,AAGGCGTT,AACAACCG:AAGGCGTT,Impala
6,G,8,G_8,KNP_17_005,NC1_F_Tag23,NC2_R_Tag20,ATGTTGGC,AAGGCGTT,ATGTTGGC:AAGGCGTT,Impala
6,H,8,H_8,Primer,NC1_F_Tag24,NC2_R_Tag20,AATGCAGC,AAGGCGTT,AATGCAGC:AAGGCGTT,Primer
6,A,9,A_9,Primer,NC1_F_Tag17,NC2_R_Tag21,ACGCTTGT,TTAACGCG,ACGCTTGT:TTAACGCG,Primer
6,B,9,B_9,KNP_17_010,NC1_F_Tag18,NC2_R_Tag21,TTGCGGAA,TTAACGCG,TTGCGGAA:TTAACGCG,Impala
6,C,9,C_9,KNP_17_011,NC1_F_Tag19,NC2_R_Tag21,ATTGGCTG,TTAACGCG,ATTGGCTG:TTAACGCG,Impala
6,D,9,D_9,KNP_16_006,NC1_F_Tag20,NC2_R_Tag21,AAGGCGTT,TTAACGCG,AAGGCGTT:TTAACGCG,Kudu
6,E,9,E_9,KNP_17_006,NC1_F_Tag21,NC2_R_Tag21,TTAACGCG,TTAACGCG,TTAACGCG:TTAACGCG,Impala
6,F,9,F_9,KNP_17_007,NC1_F_Tag22,NC2_R_Tag21,AACAACCG,TTAACGCG,AACAACCG:TTAACGCG,Impala
6,G,9,G_9,KNP_17_031,NC1_F_Tag23,NC2_R_Tag21,ATGTTGGC,TTAACGCG,ATGTTGGC:TTAACGCG,Plains zebra
6,H,9,H_9,KNP_16_004,NC1_F_Tag24,NC2_R_Tag21,AATGCAGC,TTAACGCG,AATGCAGC:TTAACGCG,Impala
6,A,10,A_10,KNP_17_034,NC1_F_Tag17,NC2_R_Tag22,ACGCTTGT,AACAACCG,ACGCTTGT:AACAACCG,Plains zebra
6,B,10,B_10,Primer,NC1_F_Tag18,NC2_R_Tag22,TTGCGGAA,AACAACCG,TTGCGGAA:AACAACCG,Primer
6,C,10,C_10,KNP_17_067,NC1_F_Tag19,NC2_R_Tag22,ATTGGCTG,AACAACCG,ATTGGCTG:AACAACCG,Kudu
6,D,10,D_10,KNP_17_037,NC1_F_Tag20,NC2_R_Tag22,AAGGCGTT,AACAACCG,AAGGCGTT:AACAACCG,Plains zebra
6,E,10,E_10,KNP_17_038,NC1_F_Tag21,NC2_R_Tag22,TTAACGCG,AACAACCG,TTAACGCG:AACAACCG,Plains zebra
6,F,10,F_10,KNP_17_039,NC1_F_Tag22,NC2_R_Tag22,AACAACCG,AACAACCG,AACAACCG:AACAACCG,Impala
6,G,10,G_10,KNP_17_040,NC1_F_Tag23,NC2_R_Tag22,ATGTTGGC,AACAACCG,ATGTTGGC:AACAACCG,Impala
6,H,10,H_10,KNP_17_043,NC1_F_Tag24,NC2_R_Tag22,AATGCAGC,AACAACCG,AATGCAGC:AACAACCG,Impala
6,A,11,A_11,KNP_17_044,NC1_F_Tag17,NC2_R_Tag23,ACGCTTGT,ATGTTGGC,ACGCTTGT:ATGTTGGC,Impala
6,B,11,B_11,KNP_17_053,NC1_F_Tag18,NC2_R_Tag23,TTGCGGAA,ATGTTGGC,TTGCGGAA:ATGTTGGC,Plains zebra
6,C,11,C_11,Primer,NC1_F_Tag19,NC2_R_Tag23,ATTGGCTG,ATGTTGGC,ATTGGCTG:ATGTTGGC,Primer
6,D,11,D_11,KNP_17_054,NC1_F_Tag20,NC2_R_Tag23,AAGGCGTT,ATGTTGGC,AAGGCGTT:ATGTTGGC,Plains zebra
6,E,11,E_11,KNP_17_047,NC1_F_Tag21,NC2_R_Tag23,TTAACGCG,ATGTTGGC,TTAACGCG:ATGTTGGC,Impala
6,F,11,F_11,KNP_17_061,NC1_F_Tag22,NC2_R_Tag23,AACAACCG,ATGTTGGC,AACAACCG:ATGTTGGC,Plains zebra
6,G,11,G_11,KNP_17_050,NC1_F_Tag23,NC2_R_Tag23,ATGTTGGC,ATGTTGGC,ATGTTGGC:ATGTTGGC,Plains zebra
6,H,11,H_11,KNP_17_051,NC1_F_Tag24,NC2_R_Tag23,AATGCAGC,ATGTTGGC,AATGCAGC:ATGTTGGC,Plains zebra
6,A,12,A_12,KNP_17_052,NC1_F_Tag17,NC2_R_Tag24,ACGCTTGT,AATGCAGC,ACGCTTGT:AATGCAGC,Plains zebra
6,B,12,B_12,KNP_17_046,NC1_F_Tag18,NC2_R_Tag24,TTGCGGAA,AATGCAGC,TTGCGGAA:AATGCAGC,Impala
6,C,12,C_12,KNP_17_055,NC1_F_Tag19,NC2_R_Tag24,ATTGGCTG,AATGCAGC,ATTGGCTG:AATGCAGC,Plains zebra
6,D,12,D_12,Primer,NC1_F_Tag20,NC2_R_Tag24,AAGGCGTT,AATGCAGC,AAGGCGTT:AATGCAGC,Primer
6,E,12,E_12,KNP_17_056,NC1_F_Tag21,NC2_R_Tag24,TTAACGCG,AATGCAGC,TTAACGCG:AATGCAGC,Plains zebra
6,F,12,F_12,KNP_17_059,NC1_F_Tag22,NC2_R_Tag24,AACAACCG,AATGCAGC,AACAACCG:AATGCAGC,Plains zebra
6,G,12,G_12,KNP_17_060,NC1_F_Tag23,NC2_R_Tag24,ATGTTGGC,AATGCAGC,ATGTTGGC:AATGCAGC,Plains zebra
6,H,12,H_12,KNP_17_057,NC1_F_Tag24,NC2_R_Tag24,AATGCAGC,AATGCAGC,AATGCAGC:AATGCAGC,Plains zebra
7,A,1,A_1,Primer,NC1_F_Tag25,NC2_R_Tag1,ACACACAC,GAGAGAGT,ACACACAC:GAGAGAGT,Primer
7,B,1,B_1,KNP_17_058,NC1_F_Tag26,NC2_R_Tag1,GTGTACAT,GAGAGAGT,GTGTACAT:GAGAGAGT,Plains zebra
7,C,1,C_1,NIA_17_001,NC1_F_Tag27,NC2_R_Tag1,TATGTCAG,GAGAGAGT,TATGTCAG:GAGAGAGT,Elephant
7,D,1,D_1,NIA_17_002,NC1_F_Tag28,NC2_R_Tag1,TAGTCGCA,GAGAGAGT,TAGTCGCA:GAGAGAGT,Elephant
7,E,1,E_1,NIA_17_015,NC1_F_Tag29,NC2_R_Tag1,GTACGACT,GAGAGAGT,GTACGACT:GAGAGAGT,Elephant
7,F,1,F_1,NIA_17_016,NC1_F_Tag30,NC2_R_Tag1,TCAGTGTC,GAGAGAGT,TCAGTGTC:GAGAGAGT,Elephant
7,G,1,G_1,NIA_17_010,NC1_F_Tag31,NC2_R_Tag1,CACATGAT,GAGAGAGT,CACATGAT:GAGAGAGT,Impala
7,H,1,H_1,NIA_17_012,NC1_F_Tag32,NC2_R_Tag1,GCGTCAGC,GAGAGAGT,GCGTCAGC:GAGAGAGT,Impala
7,A,2,A_2,NIA_17_013,NC1_F_Tag25,NC2_R_Tag2,ACACACAC,CCTATAGC,ACACACAC:CCTATAGC,Impala
7,B,2,B_2,Primer,NC1_F_Tag26,NC2_R_Tag2,GTGTACAT,CCTATAGC,GTGTACAT:CCTATAGC,Primer
7,C,2,C_2,NIA_17_014,NC1_F_Tag27,NC2_R_Tag2,TATGTCAG,CCTATAGC,TATGTCAG:CCTATAGC,Elephant
7,D,2,D_2,NIA_17_017,NC1_F_Tag28,NC2_R_Tag2,TAGTCGCA,CCTATAGC,TAGTCGCA:CCTATAGC,Elephant
7,E,2,E_2,NIA_17_018,NC1_F_Tag29,NC2_R_Tag2,GTACGACT,CCTATAGC,GTACGACT:CCTATAGC,Elephant
7,F,2,F_2,NIA_17_019,NC1_F_Tag30,NC2_R_Tag2,TCAGTGTC,CCTATAGC,TCAGTGTC:CCTATAGC,Impala
7,G,2,G_2,NIA_17_020,NC1_F_Tag31,NC2_R_Tag2,CACATGAT,CCTATAGC,CACATGAT:CCTATAGC,Impala
7,H,2,H_2,NIA_17_021,NC1_F_Tag32,NC2_R_Tag2,GCGTCAGC,CCTATAGC,GCGTCAGC:CCTATAGC,Elephant
7,A,3,A_3,NIA_17_022,NC1_F_Tag25,NC2_R_Tag3,ACACACAC,CTATGGAG,ACACACAC:CTATGGAG,Impala
7,B,3,B_3,NIA_17_023,NC1_F_Tag26,NC2_R_Tag3,GTGTACAT,CTATGGAG,GTGTACAT:CTATGGAG,Impala
7,C,3,C_3,Primer,NC1_F_Tag27,NC2_R_Tag3,TATGTCAG,CTATGGAG,TATGTCAG:CTATGGAG,Primer
7,D,3,D_3,NIA_17_024,NC1_F_Tag28,NC2_R_Tag3,TAGTCGCA,CTATGGAG,TAGTCGCA:CTATGGAG,Impala
7,E,3,E_3,NIA_17_025,NC1_F_Tag29,NC2_R_Tag3,GTACGACT,CTATGGAG,GTACGACT:CTATGGAG,Elephant
7,F,3,F_3,NIA_17_027,NC1_F_Tag30,NC2_R_Tag3,TCAGTGTC,CTATGGAG,TCAGTGTC:CTATGGAG,Elephant
7,G,3,G_3,NIA_17_028,NC1_F_Tag31,NC2_R_Tag3,CACATGAT,CTATGGAG,CACATGAT:CTATGGAG,Elephant
7,H,3,H_3,NIA_17_029,NC1_F_Tag32,NC2_R_Tag3,GCGTCAGC,CTATGGAG,GCGTCAGC:CTATGGAG,Elephant
7,A,4,A_4,NIA_17_031,NC1_F_Tag25,NC2_R_Tag4,ACACACAC,GGTCTACA,ACACACAC:GGTCTACA,Elephant
7,B,4,B_4,NIA_17_032,NC1_F_Tag26,NC2_R_Tag4,GTGTACAT,GGTCTACA,GTGTACAT:GGTCTACA,Elephant
7,C,4,C_4,NIA_17_034,NC1_F_Tag27,NC2_R_Tag4,TATGTCAG,GGTCTACA,TATGTCAG:GGTCTACA,Warthog
7,D,4,D_4,Primer,NC1_F_Tag28,NC2_R_Tag4,TAGTCGCA,GGTCTACA,TAGTCGCA:GGTCTACA,Primer
7,E,4,E_4,NIA_17_036,NC1_F_Tag29,NC2_R_Tag4,GTACGACT,GGTCTACA,GTACGACT:GGTCTACA,Warthog
7,F,4,F_4,NIA_17_039,NC1_F_Tag30,NC2_R_Tag4,TCAGTGTC,GGTCTACA,TCAGTGTC:GGTCTACA,Impala
7,G,4,G_4,NIA_17_040,NC1_F_Tag31,NC2_R_Tag4,CACATGAT,GGTCTACA,CACATGAT:GGTCTACA,Warthog
7,H,4,H_4,NIA_17_044,NC1_F_Tag32,NC2_R_Tag4,GCGTCAGC,GGTCTACA,GCGTCAGC:GGTCTACA,Plains zebra
7,A,5,A_5,NIA_17_045,NC1_F_Tag25,NC2_R_Tag5,ACACACAC,CACTAGTC,ACACACAC:CACTAGTC,Plains zebra
7,B,5,B_5,NIA_17_046,NC1_F_Tag26,NC2_R_Tag5,GTGTACAT,CACTAGTC,GTGTACAT:CACTAGTC,Impala
7,C,5,C_5,NIA_17_047,NC1_F_Tag27,NC2_R_Tag5,TATGTCAG,CACTAGTC,TATGTCAG:CACTAGTC,Warthog
7,D,5,D_5,NIA_17_048,NC1_F_Tag28,NC2_R_Tag5,TAGTCGCA,CACTAGTC,TAGTCGCA:CACTAGTC,Elephant
7,E,5,E_5,Primer,NC1_F_Tag29,NC2_R_Tag5,GTACGACT,CACTAGTC,GTACGACT:CACTAGTC,Primer
7,F,5,F_5,NIA_17_058,NC1_F_Tag30,NC2_R_Tag5,TCAGTGTC,CACTAGTC,TCAGTGTC:CACTAGTC,Plains zebra
7,G,5,G_5,NIA_17_059,NC1_F_Tag31,NC2_R_Tag5,CACATGAT,CACTAGTC,CACATGAT:CACTAGTC,Plains zebra
7,H,5,H_5,NIA_17_060,NC1_F_Tag32,NC2_R_Tag5,GCGTCAGC,CACTAGTC,GCGTCAGC:CACTAGTC,Warthog
7,A,6,A_6,NIA_17_064,NC1_F_Tag25,NC2_R_Tag6,ACACACAC,GATCGGTA,ACACACAC:GATCGGTA,Elephant
7,B,6,B_6,NIA_17_065,NC1_F_Tag26,NC2_R_Tag6,GTGTACAT,GATCGGTA,GTGTACAT:GATCGGTA,Impala
7,C,6,C_6,NIA_17_066,NC1_F_Tag27,NC2_R_Tag6,TATGTCAG,GATCGGTA,TATGTCAG:GATCGGTA,Warthog
7,D,6,D_6,NIA_17_067,NC1_F_Tag28,NC2_R_Tag6,TAGTCGCA,GATCGGTA,TAGTCGCA:GATCGGTA,Warthog
7,E,6,E_6,NIA_17_070,NC1_F_Tag29,NC2_R_Tag6,GTACGACT,GATCGGTA,GTACGACT:GATCGGTA,Warthog
7,F,6,F_6,Primer,NC1_F_Tag30,NC2_R_Tag6,TCAGTGTC,GATCGGTA,TCAGTGTC:GATCGGTA,Primer
7,G,6,G_6,NIA_17_071,NC1_F_Tag31,NC2_R_Tag6,CACATGAT,GATCGGTA,CACATGAT:GATCGGTA,Warthog
7,H,6,H_6,NIA_17_073,NC1_F_Tag32,NC2_R_Tag6,GCGTCAGC,GATCGGTA,GCGTCAGC:GATCGGTA,Buffalo
7,A,7,A_7,NIA_17_076,NC1_F_Tag25,NC2_R_Tag7,ACACACAC,CCTCATCT,ACACACAC:CCTCATCT,Warthog
7,B,7,B_7,NIA_17_068,NC1_F_Tag26,NC2_R_Tag7,GTGTACAT,CCTCATCT,GTGTACAT:CCTCATCT,Warthog
7,C,7,C_7,NIA_17_069,NC1_F_Tag27,NC2_R_Tag7,TATGTCAG,CCTCATCT,TATGTCAG:CCTCATCT,Warthog
7,D,7,D_7,NIA_17_074,NC1_F_Tag28,NC2_R_Tag7,TAGTCGCA,CCTCATCT,TAGTCGCA:CCTCATCT,Buffalo
7,E,7,E_7,NIA_17_075,NC1_F_Tag29,NC2_R_Tag7,GTACGACT,CCTCATCT,GTACGACT:CCTCATCT,Buffalo
7,F,7,F_7,NIA_17_086,NC1_F_Tag30,NC2_R_Tag7,TCAGTGTC,CCTCATCT,TCAGTGTC:CCTCATCT,Kudu
7,G,7,G_7,Primer,NC1_F_Tag31,NC2_R_Tag7,CACATGAT,CCTCATCT,CACATGAT:CCTCATCT,Primer
7,H,7,H_7,NIA_17_099,NC1_F_Tag32,NC2_R_Tag7,GCGTCAGC,CCTCATCT,GCGTCAGC:CCTCATCT,Warthog
7,A,8,A_8,NIA_17_100,NC1_F_Tag25,NC2_R_Tag8,ACACACAC,CGATATCC,ACACACAC:CGATATCC,Warthog
7,B,8,B_8,NIA_17_101,NC1_F_Tag26,NC2_R_Tag8,GTGTACAT,CGATATCC,GTGTACAT:CGATATCC,Warthog
7,C,8,C_8,NIA_17_102,NC1_F_Tag27,NC2_R_Tag8,TATGTCAG,CGATATCC,TATGTCAG:CGATATCC,Warthog
7,D,8,D_8,NIA_17_107,NC1_F_Tag28,NC2_R_Tag8,TAGTCGCA,CGATATCC,TAGTCGCA:CGATATCC,Impala
7,E,8,E_8,NIA_17_108,NC1_F_Tag29,NC2_R_Tag8,GTACGACT,CGATATCC,GTACGACT:CGATATCC,Warthog
7,F,8,F_8,NIA_17_114,NC1_F_Tag30,NC2_R_Tag8,TCAGTGTC,CGATATCC,TCAGTGTC:CGATATCC,Kudu
7,G,8,G_8,NIA_17_115,NC1_F_Tag31,NC2_R_Tag8,CACATGAT,CGATATCC,CACATGAT:CGATATCC,Kudu
7,H,8,H_8,Primer,NC1_F_Tag32,NC2_R_Tag8,GCGTCAGC,CGATATCC,GCGTCAGC:CGATATCC,Primer
7,A,9,A_9,Primer,NC1_F_Tag25,NC2_R_Tag9,ACACACAC,ACCTGTTG,ACACACAC:ACCTGTTG,Primer
7,B,9,B_9,NIA_17_122,NC1_F_Tag26,NC2_R_Tag9,GTGTACAT,ACCTGTTG,GTGTACAT:ACCTGTTG,Elephant
7,C,9,C_9,NIA_17_123,NC1_F_Tag27,NC2_R_Tag9,TATGTCAG,ACCTGTTG,TATGTCAG:ACCTGTTG,Elephant
7,D,9,D_9,NIA_17_124,NC1_F_Tag28,NC2_R_Tag9,TAGTCGCA,ACCTGTTG,TAGTCGCA:ACCTGTTG,Elephant
7,E,9,E_9,NIA_17_125,NC1_F_Tag29,NC2_R_Tag9,GTACGACT,ACCTGTTG,GTACGACT:ACCTGTTG,Warthog
7,F,9,F_9,NIA_17_105,NC1_F_Tag30,NC2_R_Tag9,TCAGTGTC,ACCTGTTG,TCAGTGTC:ACCTGTTG,Warthog
7,G,9,G_9,NIA_17_106,NC1_F_Tag31,NC2_R_Tag9,CACATGAT,ACCTGTTG,CACATGAT:ACCTGTTG,Warthog
7,H,9,H_9,NIA_17_128,NC1_F_Tag32,NC2_R_Tag9,GCGTCAGC,ACCTGTTG,GCGTCAGC:ACCTGTTG,Kudu
7,A,10,A_10,NIA_17_129,NC1_F_Tag25,NC2_R_Tag10,ACACACAC,AACACGAC,ACACACAC:AACACGAC,Kudu
7,B,10,B_10,Primer,NC1_F_Tag26,NC2_R_Tag10,GTGTACAT,AACACGAC,GTGTACAT:AACACGAC,Primer
7,C,10,C_10,NIA_17_130,NC1_F_Tag27,NC2_R_Tag10,TATGTCAG,AACACGAC,TATGTCAG:AACACGAC,Kudu
7,D,10,D_10,NIA_17_136,NC1_F_Tag28,NC2_R_Tag10,TAGTCGCA,AACACGAC,TAGTCGCA:AACACGAC,Impala
7,E,10,E_10,NIA_17_138,NC1_F_Tag29,NC2_R_Tag10,GTACGACT,AACACGAC,GTACGACT:AACACGAC,Impala
7,F,10,F_10,NIA_17_139,NC1_F_Tag30,NC2_R_Tag10,TCAGTGTC,AACACGAC,TCAGTGTC:AACACGAC,Impala
7,G,10,G_10,NIA_17_134,NC1_F_Tag31,NC2_R_Tag10,CACATGAT,AACACGAC,CACATGAT:AACACGAC,Elephant
7,H,10,H_10,NIA_17_135,NC1_F_Tag32,NC2_R_Tag10,GCGTCAGC,AACACGAC,GCGTCAGC:AACACGAC,Impala
7,A,11,A_11,NIA_17_132,NC1_F_Tag25,NC2_R_Tag11,ACACACAC,TGTGTGCT,ACACACAC:TGTGTGCT,Kudu
7,B,11,B_11,NIA_17_144,NC1_F_Tag26,NC2_R_Tag11,GTGTACAT,TGTGTGCT,GTGTACAT:TGTGTGCT,Kudu
7,C,11,C_11,Primer,NC1_F_Tag27,NC2_R_Tag11,TATGTCAG,TGTGTGCT,TATGTCAG:TGTGTGCT,Primer
7,D,11,D_11,NIA_17_140,NC1_F_Tag28,NC2_R_Tag11,TAGTCGCA,TGTGTGCT,TAGTCGCA:TGTGTGCT,Impala
7,E,11,E_11,NIA_17_141,NC1_F_Tag29,NC2_R_Tag11,GTACGACT,TGTGTGCT,GTACGACT:TGTGTGCT,Plains zebra
7,F,11,F_11,NIA_17_142,NC1_F_Tag30,NC2_R_Tag11,TCAGTGTC,TGTGTGCT,TCAGTGTC:TGTGTGCT,Kudu
7,G,11,G_11,NIA_17_143,NC1_F_Tag31,NC2_R_Tag11,CACATGAT,TGTGTGCT,CACATGAT:TGTGTGCT,Kudu
7,H,11,H_11,NIA_17_145,NC1_F_Tag32,NC2_R_Tag11,GCGTCAGC,TGTGTGCT,GCGTCAGC:TGTGTGCT,Warthog
7,A,12,A_12,NIA_17_155,NC1_F_Tag25,NC2_R_Tag12,ACACACAC,TTCCGCTT,ACACACAC:TTCCGCTT,Elephant
7,B,12,B_12,NIA_17_156,NC1_F_Tag26,NC2_R_Tag12,GTGTACAT,TTCCGCTT,GTGTACAT:TTCCGCTT,Elephant
7,C,12,C_12,NIA_17_157,NC1_F_Tag27,NC2_R_Tag12,TATGTCAG,TTCCGCTT,TATGTCAG:TTCCGCTT,Impala
7,D,12,D_12,Primer,NC1_F_Tag28,NC2_R_Tag12,TAGTCGCA,TTCCGCTT,TAGTCGCA:TTCCGCTT,Primer
7,E,12,E_12,NIA_17_159,NC1_F_Tag29,NC2_R_Tag12,GTACGACT,TTCCGCTT,GTACGACT:TTCCGCTT,Impala
7,F,12,F_12,NIA_17_160,NC1_F_Tag30,NC2_R_Tag12,TCAGTGTC,TTCCGCTT,TCAGTGTC:TTCCGCTT,Impala
7,G,12,G_12,NIA_17_161,NC1_F_Tag31,NC2_R_Tag12,CACATGAT,TTCCGCTT,CACATGAT:TTCCGCTT,Impala
7,H,12,H_12,NIA_17_162,NC1_F_Tag32,NC2_R_Tag12,GCGTCAGC,TTCCGCTT,GCGTCAGC:TTCCGCTT,Impala
8,A,1,A_1,Primer,NC2_R_Tag13,NC1_F_Tag36,TCATGCGT,AGCGACTA,AGCGACTA:TCATGCGT,Primer
8,B,1,B_1,NIA_17_163,NC2_R_Tag14,NC1_F_Tag36,TCGCATTC,AGCGACTA,AGCGACTA:TCGCATTC,Buffalo
8,C,1,C_1,NIA_17_167,NC2_R_Tag15,NC1_F_Tag36,ATGCCACA,AGCGACTA,AGCGACTA:ATGCCACA,Kudu
8,D,1,D_1,NYI_17_089,NC2_R_Tag16,NC1_F_Tag36,TTGTTCCG,AGCGACTA,AGCGACTA:TTGTTCCG,Warthog
8,E,1,E_1,NYI_17_091,NC2_R_Tag17,NC1_F_Tag36,ACGCTTGT,AGCGACTA,AGCGACTA:ACGCTTGT,Warthog
8,F,1,F_1,NYI_17_094,NC2_R_Tag18,NC1_F_Tag36,TTGCGGAA,AGCGACTA,AGCGACTA:TTGCGGAA,Warthog
8,G,1,G_1,NYI_17_092,NC2_R_Tag19,NC1_F_Tag36,ATTGGCTG,AGCGACTA,AGCGACTA:ATTGGCTG,Warthog
8,H,1,H_1,NYI_17_093,NC2_R_Tag20,NC1_F_Tag36,AAGGCGTT,AGCGACTA,AGCGACTA:AAGGCGTT,Warthog
8,A,2,A_2,NYI_17_104,NC2_R_Tag13,NC1_F_Tag35,TCATGCGT,CGAGTCGT,CGAGTCGT:TCATGCGT,Warthog
8,B,2,B_2,Primer,NC2_R_Tag14,NC1_F_Tag35,TCGCATTC,CGAGTCGT,CGAGTCGT:TCGCATTC,Primer
8,C,2,C_2,NYI_17_105,NC2_R_Tag15,NC1_F_Tag35,ATGCCACA,CGAGTCGT,CGAGTCGT:ATGCCACA,Plains zebra
8,D,2,D_2,NYI_17_106,NC2_R_Tag16,NC1_F_Tag35,TTGTTCCG,CGAGTCGT,CGAGTCGT:TTGTTCCG,Plains zebra
8,E,2,E_2,NYI_17_102,NC2_R_Tag17,NC1_F_Tag35,ACGCTTGT,CGAGTCGT,CGAGTCGT:ACGCTTGT,Warthog
8,F,2,F_2,NYI_17_103,NC2_R_Tag18,NC1_F_Tag35,TTGCGGAA,CGAGTCGT,CGAGTCGT:TTGCGGAA,Warthog
8,G,2,G_2,NYI_17_116,NC2_R_Tag19,NC1_F_Tag35,ATTGGCTG,CGAGTCGT,CGAGTCGT:ATTGGCTG,Plains zebra
8,H,2,H_2,NYI_17_131,NC2_R_Tag20,NC1_F_Tag35,AAGGCGTT,CGAGTCGT,CGAGTCGT:AAGGCGTT,Plains zebra
8,A,3,A_3,NYI_17_146,NC2_R_Tag13,NC1_F_Tag34,TCATGCGT,AGACTATG,AGACTATG:TCATGCGT,Warthog
8,B,3,B_3,NYI_17_147,NC2_R_Tag14,NC1_F_Tag34,TCGCATTC,AGACTATG,AGACTATG:TCGCATTC,Warthog
8,C,3,C_3,Primer,NC2_R_Tag15,NC1_F_Tag34,ATGCCACA,AGACTATG,AGACTATG:ATGCCACA,Primer
8,D,3,D_3,NYI_17_135,NC2_R_Tag16,NC1_F_Tag34,TTGTTCCG,AGACTATG,AGACTATG:TTGTTCCG,Plains zebra
8,E,3,E_3,NYI_17_143,NC2_R_Tag17,NC1_F_Tag34,ACGCTTGT,AGACTATG,AGACTATG:ACGCTTGT,Warthog
8,F,3,F_3,NYI_17_145,NC2_R_Tag18,NC1_F_Tag34,TTGCGGAA,AGACTATG,AGACTATG:TTGCGGAA,Warthog
8,G,3,G_3,NYI_17_133,NC2_R_Tag19,NC1_F_Tag34,ATTGGCTG,AGACTATG,AGACTATG:ATTGGCTG,Plains zebra
8,H,3,H_3,NYI_17_134,NC2_R_Tag20,NC1_F_Tag34,AAGGCGTT,AGACTATG,AGACTATG:AAGGCGTT,Plains zebra
8,A,4,A_4,HWA_16_001,NC2_R_Tag13,NC1_F_Tag33,TCATGCGT,TCTACTGA,TCTACTGA:TCATGCGT,Buffalo
8,B,4,B_4,HWA_16_002,NC2_R_Tag14,NC1_F_Tag33,TCGCATTC,TCTACTGA,TCTACTGA:TCGCATTC,Plains zebra
8,C,4,C_4,HWA_16_003,NC2_R_Tag15,NC1_F_Tag33,ATGCCACA,TCTACTGA,TCTACTGA:ATGCCACA,Plains zebra
8,D,4,D_4,Primer,NC2_R_Tag16,NC1_F_Tag33,TTGTTCCG,TCTACTGA,TCTACTGA:TTGTTCCG,Primer
8,E,4,E_4,HWA_16_005,NC2_R_Tag17,NC1_F_Tag33,ACGCTTGT,TCTACTGA,TCTACTGA:ACGCTTGT,Plains zebra
8,F,4,F_4,HWA_16_007,NC2_R_Tag18,NC1_F_Tag33,TTGCGGAA,TCTACTGA,TCTACTGA:TTGCGGAA,Plains zebra
8,G,4,G_4,HWA_16_008,NC2_R_Tag19,NC1_F_Tag33,ATTGGCTG,TCTACTGA,TCTACTGA:ATTGGCTG,Plains zebra
8,H,4,H_4,HWA_16_009,NC2_R_Tag20,NC1_F_Tag33,AAGGCGTT,TCTACTGA,TCTACTGA:AAGGCGTT,Elephant
8,A,5,A_5,HWA_16_013,NC2_R_Tag13,NC1_F_Tag32,TCATGCGT,GCGTCAGC,GCGTCAGC:TCATGCGT,Plains zebra
8,B,5,B_5,HWA_16_014,NC2_R_Tag14,NC1_F_Tag32,TCGCATTC,GCGTCAGC,GCGTCAGC:TCGCATTC,Plains zebra
8,C,5,C_5,HWA_16_015,NC2_R_Tag15,NC1_F_Tag32,ATGCCACA,GCGTCAGC,GCGTCAGC:ATGCCACA,Plains zebra
8,D,5,D_5,HWA_16_016,NC2_R_Tag16,NC1_F_Tag32,TTGTTCCG,GCGTCAGC,GCGTCAGC:TTGTTCCG,Plains zebra
8,E,5,E_5,Primer,NC2_R_Tag17,NC1_F_Tag32,ACGCTTGT,GCGTCAGC,GCGTCAGC:ACGCTTGT,Primer
8,F,5,F_5,HWA_16_017,NC2_R_Tag18,NC1_F_Tag32,TTGCGGAA,GCGTCAGC,GCGTCAGC:TTGCGGAA,Plains zebra
8,G,5,G_5,HWA_16_019,NC2_R_Tag19,NC1_F_Tag32,ATTGGCTG,GCGTCAGC,GCGTCAGC:ATTGGCTG,Impala
8,H,5,H_5,HWA_16_020,NC2_R_Tag20,NC1_F_Tag32,AAGGCGTT,GCGTCAGC,GCGTCAGC:AAGGCGTT,Plains zebra
8,A,6,A_6,HWA_16_021,NC2_R_Tag13,NC1_F_Tag31,TCATGCGT,CACATGAT,CACATGAT:TCATGCGT,Elephant
8,B,6,B_6,HWA_16_024,NC2_R_Tag14,NC1_F_Tag31,TCGCATTC,CACATGAT,CACATGAT:TCGCATTC,Impala
8,C,6,C_6,HWA_16_025,NC2_R_Tag15,NC1_F_Tag31,ATGCCACA,CACATGAT,CACATGAT:ATGCCACA,Impala
8,D,6,D_6,HWA_16_026,NC2_R_Tag16,NC1_F_Tag31,TTGTTCCG,CACATGAT,CACATGAT:TTGTTCCG,Plains zebra
8,E,6,E_6,HWA_16_027,NC2_R_Tag17,NC1_F_Tag31,ACGCTTGT,CACATGAT,CACATGAT:ACGCTTGT,Plains zebra
8,F,6,F_6,Primer,NC2_R_Tag18,NC1_F_Tag31,TTGCGGAA,CACATGAT,CACATGAT:TTGCGGAA,Primer
8,G,6,G_6,HWA_16_028,NC2_R_Tag19,NC1_F_Tag31,ATTGGCTG,CACATGAT,CACATGAT:ATTGGCTG,Plains zebra
8,H,6,H_6,HWA_16_029,NC2_R_Tag20,NC1_F_Tag31,AAGGCGTT,CACATGAT,CACATGAT:AAGGCGTT,Elephant
8,A,7,A_7,HWA_16_030,NC2_R_Tag13,NC1_F_Tag30,TCATGCGT,TCAGTGTC,TCAGTGTC:TCATGCGT,Kudu
8,B,7,B_7,HWA_16_031,NC2_R_Tag14,NC1_F_Tag30,TCGCATTC,TCAGTGTC,TCAGTGTC:TCGCATTC,Plains zebra
8,C,7,C_7,HWA_16_038,NC2_R_Tag15,NC1_F_Tag30,ATGCCACA,TCAGTGTC,TCAGTGTC:ATGCCACA,Elephant
8,D,7,D_7,HWA_16_039,NC2_R_Tag16,NC1_F_Tag30,TTGTTCCG,TCAGTGTC,TCAGTGTC:TTGTTCCG,Elephant
8,E,7,E_7,HWA_17_001,NC2_R_Tag17,NC1_F_Tag30,ACGCTTGT,TCAGTGTC,TCAGTGTC:ACGCTTGT,Plains zebra
8,F,7,F_7,HWA_17_002,NC2_R_Tag18,NC1_F_Tag30,TTGCGGAA,TCAGTGTC,TCAGTGTC:TTGCGGAA,Plains zebra
8,G,7,G_7,Primer,NC2_R_Tag19,NC1_F_Tag30,ATTGGCTG,TCAGTGTC,TCAGTGTC:ATTGGCTG,Primer
8,H,7,H_7,HWA_17_003,NC2_R_Tag20,NC1_F_Tag30,AAGGCGTT,TCAGTGTC,TCAGTGTC:AAGGCGTT,Buffalo
8,A,8,A_8,HWA_17_004,NC2_R_Tag13,NC1_F_Tag29,TCATGCGT,GTACGACT,GTACGACT:TCATGCGT,Plains zebra
8,B,8,B_8,HWA_17_010,NC2_R_Tag14,NC1_F_Tag29,TCGCATTC,GTACGACT,GTACGACT:TCGCATTC,Plains zebra
8,C,8,C_8,HWA_17_011,NC2_R_Tag15,NC1_F_Tag29,ATGCCACA,GTACGACT,GTACGACT:ATGCCACA,Elephant
8,D,8,D_8,HWA_17_013,NC2_R_Tag16,NC1_F_Tag29,TTGTTCCG,GTACGACT,GTACGACT:TTGTTCCG,Elephant
8,E,8,E_8,HWA_17_014,NC2_R_Tag17,NC1_F_Tag29,ACGCTTGT,GTACGACT,GTACGACT:ACGCTTGT,Elephant
8,F,8,F_8,HWA_17_015,NC2_R_Tag18,NC1_F_Tag29,TTGCGGAA,GTACGACT,GTACGACT:TTGCGGAA,Elephant
8,G,8,G_8,SER_17_198,NC2_R_Tag19,NC1_F_Tag29,ATTGGCTG,GTACGACT,GTACGACT:ATTGGCTG,Buffalo
8,H,8,H_8,Primer,NC2_R_Tag20,NC1_F_Tag29,AAGGCGTT,GTACGACT,GTACGACT:AAGGCGTT,Primer
8,A,9,A_9,Primer,NC2_R_Tag13,NC1_F_Tag28,TCATGCGT,TAGTCGCA,TAGTCGCA:TCATGCGT,Primer
8,B,9,B_9,SER_17_199,NC2_R_Tag14,NC1_F_Tag28,TCGCATTC,TAGTCGCA,TAGTCGCA:TCGCATTC,Buffalo
8,C,9,C_9,SER_17_329,NC2_R_Tag15,NC1_F_Tag28,ATGCCACA,TAGTCGCA,TAGTCGCA:ATGCCACA,Warthog
8,D,9,D_9,PNG16_AEME_01,NC2_R_Tag16,NC1_F_Tag28,TTGTTCCG,TAGTCGCA,TAGTCGCA:TTGTTCCG,Impala
8,E,9,E_9,PNG16_AEME_02,NC2_R_Tag17,NC1_F_Tag28,ACGCTTGT,TAGTCGCA,TAGTCGCA:ACGCTTGT,Impala
8,F,9,F_9,PNG16_AEME_03,NC2_R_Tag18,NC1_F_Tag28,TTGCGGAA,TAGTCGCA,TAGTCGCA:TTGCGGAA,Impala
8,G,9,G_9,PNG16_AEME_04,NC2_R_Tag19,NC1_F_Tag28,ATTGGCTG,TAGTCGCA,TAGTCGCA:ATTGGCTG,Impala
8,H,9,H_9,PNG16_AEME_05,NC2_R_Tag20,NC1_F_Tag28,AAGGCGTT,TAGTCGCA,TAGTCGCA:AAGGCGTT,Impala
8,A,10,A_10,PNG16_AEME_07,NC2_R_Tag13,NC1_F_Tag27,TCATGCGT,TATGTCAG,TATGTCAG:TCATGCGT,Impala
8,B,10,B_10,Primer,NC2_R_Tag14,NC1_F_Tag27,TCGCATTC,TATGTCAG,TATGTCAG:TCGCATTC,Primer
8,C,10,C_10,PNG16_LOAF_01,NC2_R_Tag15,NC1_F_Tag27,ATGCCACA,TATGTCAG,TATGTCAG:ATGCCACA,Elephant
8,D,10,D_10,PNG16_LOAF_02,NC2_R_Tag16,NC1_F_Tag27,TTGTTCCG,TATGTCAG,TATGTCAG:TTGTTCCG,Elephant
8,E,10,E_10,PNG16_LOAF_03,NC2_R_Tag17,NC1_F_Tag27,ACGCTTGT,TATGTCAG,TATGTCAG:ACGCTTGT,Elephant
8,F,10,F_10,PNG16_LOAF_17,NC2_R_Tag18,NC1_F_Tag27,TTGCGGAA,TATGTCAG,TATGTCAG:TTGCGGAA,Elephant
8,G,10,G_10,PNG16_AEME_09,NC2_R_Tag19,NC1_F_Tag27,ATTGGCTG,TATGTCAG,TATGTCAG:ATTGGCTG,Impala
8,H,10,H_10,PNG16_LOAF_16,NC2_R_Tag20,NC1_F_Tag27,AAGGCGTT,TATGTCAG,TATGTCAG:AAGGCGTT,Elephant
8,A,11,A_11,PNG16_LOAF_05,NC2_R_Tag13,NC1_F_Tag26,TCATGCGT,GTGTACAT,GTGTACAT:TCATGCGT,Elephant
8,B,11,B_11,PNG16_AEME_10,NC2_R_Tag14,NC1_F_Tag26,TCGCATTC,GTGTACAT,GTGTACAT:TCGCATTC,Impala
8,C,11,C_11,Primer,NC2_R_Tag15,NC1_F_Tag26,ATGCCACA,GTGTACAT,GTGTACAT:ATGCCACA,Primer
8,D,11,D_11,PNG16_LOAF_06,NC2_R_Tag16,NC1_F_Tag26,TTGTTCCG,GTGTACAT,GTGTACAT:TTGTTCCG,Elephant
8,E,11,E_11,PNG16_PHAF_15,NC2_R_Tag17,NC1_F_Tag26,ACGCTTGT,GTGTACAT,GTGTACAT:ACGCTTGT,Warthog
8,F,11,F_11,PNG16_LOAF_07,NC2_R_Tag18,NC1_F_Tag26,TTGCGGAA,GTGTACAT,GTGTACAT:TTGCGGAA,Elephant
8,G,11,G_11,PNG16_AEME_12,NC2_R_Tag19,NC1_F_Tag26,ATTGGCTG,GTGTACAT,GTGTACAT:ATTGGCTG,Impala
8,H,11,H_11,PNG16_LOAF_08,NC2_R_Tag20,NC1_F_Tag26,AAGGCGTT,GTGTACAT,GTGTACAT:AAGGCGTT,Elephant
8,A,12,A_12,PNG16_AEME_14,NC2_R_Tag13,NC1_F_Tag25,TCATGCGT,ACACACAC,ACACACAC:TCATGCGT,Impala
8,B,12,B_12,PNG16_PHAF_01,NC2_R_Tag14,NC1_F_Tag25,TCGCATTC,ACACACAC,ACACACAC:TCGCATTC,Warthog
8,C,12,C_12,PNG16_SYCA_01,NC2_R_Tag15,NC1_F_Tag25,ATGCCACA,ACACACAC,ACACACAC:ATGCCACA,Buffalo
8,D,12,D_12,Primer,NC2_R_Tag16,NC1_F_Tag25,TTGTTCCG,ACACACAC,ACACACAC:TTGTTCCG,Primer
8,E,12,E_12,PNG16_PHAF_02,NC2_R_Tag17,NC1_F_Tag25,ACGCTTGT,ACACACAC,ACACACAC:ACGCTTGT,Warthog
8,F,12,F_12,PNG16_TRST_01,NC2_R_Tag18,NC1_F_Tag25,TTGCGGAA,ACACACAC,ACACACAC:TTGCGGAA,Bushbuck
8,G,12,G_12,PNG16_PHAF_03,NC2_R_Tag19,NC1_F_Tag25,ATTGGCTG,ACACACAC,ACACACAC:ATTGGCTG,Warthog
8,H,12,H_12,PNG16_TRST_02,NC2_R_Tag20,NC1_F_Tag25,AAGGCGTT,ACACACAC,ACACACAC:AAGGCGTT,Bushbuck
9,A,1,A_1,Primer,NC2_R_Tag21,NC1_F_Tag36,TTAACGCG,AGCGACTA,AGCGACTA:TTAACGCG,Primer
9,B,1,B_1,PNG16_PHAF_04,NC2_R_Tag22,NC1_F_Tag36,AACAACCG,AGCGACTA,AGCGACTA:AACAACCG,Warthog
9,C,1,C_1,PNG16_PHAF_05,NC2_R_Tag23,NC1_F_Tag36,ATGTTGGC,AGCGACTA,AGCGACTA:ATGTTGGC,Warthog
9,D,1,D_1,PNG16_PHAF_06,NC2_R_Tag24,NC1_F_Tag36,AATGCAGC,AGCGACTA,AGCGACTA:AATGCAGC,Warthog
9,E,1,E_1,PNG16_TRST_03,NC2_R_Tag25,NC1_F_Tag36,ACACACAC,AGCGACTA,AGCGACTA:ACACACAC,Bushbuck
9,F,1,F_1,PNG16_PHAF_07,NC2_R_Tag26,NC1_F_Tag36,GTGTACAT,AGCGACTA,AGCGACTA:GTGTACAT,Warthog
9,G,1,G_1,PNG16_SYCA_10,NC2_R_Tag27,NC1_F_Tag36,TATGTCAG,AGCGACTA,AGCGACTA:TATGTCAG,Buffalo
9,H,1,H_1,PNG16_LOAF_15,NC2_R_Tag28,NC1_F_Tag36,TAGTCGCA,AGCGACTA,AGCGACTA:TAGTCGCA,Elephant
9,A,2,A_2,PNG16_SYCA_11,NC2_R_Tag21,NC1_F_Tag35,TTAACGCG,CGAGTCGT,CGAGTCGT:TTAACGCG,Buffalo
9,B,2,B_2,Primer,NC2_R_Tag22,NC1_F_Tag35,AACAACCG,CGAGTCGT,CGAGTCGT:AACAACCG,Primer
9,C,2,C_2,PNG16_TRST_07,NC2_R_Tag23,NC1_F_Tag35,ATGTTGGC,CGAGTCGT,CGAGTCGT:ATGTTGGC,Bushbuck
9,D,2,D_2,PNG16_AEME_16,NC2_R_Tag24,NC1_F_Tag35,AATGCAGC,CGAGTCGT,CGAGTCGT:AATGCAGC,Impala
9,E,2,E_2,PNG16_TRST_08,NC2_R_Tag25,NC1_F_Tag35,ACACACAC,CGAGTCGT,CGAGTCGT:ACACACAC,Bushbuck
9,F,2,F_2,PNG16_PHAF_08,NC2_R_Tag26,NC1_F_Tag35,GTGTACAT,CGAGTCGT,CGAGTCGT:GTGTACAT,Warthog
9,G,2,G_2,PNG16_SYCA_12,NC2_R_Tag27,NC1_F_Tag35,TATGTCAG,CGAGTCGT,CGAGTCGT:TATGTCAG,Buffalo
9,H,2,H_2,PNG16_PHAF_09,NC2_R_Tag28,NC1_F_Tag35,TAGTCGCA,CGAGTCGT,CGAGTCGT:TAGTCGCA,Warthog
9,A,3,A_3,PNG16_SYCA_14,NC2_R_Tag21,NC1_F_Tag34,TTAACGCG,AGACTATG,AGACTATG:TTAACGCG,Buffalo
9,B,3,B_3,PNG16_LOAF_14,NC2_R_Tag22,NC1_F_Tag34,AACAACCG,AGACTATG,AGACTATG:AACAACCG,Elephant
9,C,3,C_3,Primer,NC2_R_Tag23,NC1_F_Tag34,ATGTTGGC,AGACTATG,AGACTATG:ATGTTGGC,Primer
9,D,3,D_3,PNG16_AEME_17,NC2_R_Tag24,NC1_F_Tag34,AATGCAGC,AGACTATG,AGACTATG:AATGCAGC,Impala
9,E,3,E_3,PNG16_SYCA_20,NC2_R_Tag25,NC1_F_Tag34,ACACACAC,AGACTATG,AGACTATG:ACACACAC,Buffalo
9,F,3,F_3,PNG16_LOAF_10,NC2_R_Tag26,NC1_F_Tag34,GTGTACAT,AGACTATG,AGACTATG:GTGTACAT,Elephant
9,G,3,G_3,PNG16_LOAF_11,NC2_R_Tag27,NC1_F_Tag34,TATGTCAG,AGACTATG,AGACTATG:TATGTCAG,Elephant
9,H,3,H_3,PNG16_LOAF_18,NC2_R_Tag28,NC1_F_Tag34,TAGTCGCA,AGACTATG,AGACTATG:TAGTCGCA,Elephant
9,A,4,A_4,PNG16_LOAF_12,NC2_R_Tag21,NC1_F_Tag33,TTAACGCG,TCTACTGA,TCTACTGA:TTAACGCG,Elephant
9,B,4,B_4,PNG_17_086,NC2_R_Tag22,NC1_F_Tag33,AACAACCG,TCTACTGA,TCTACTGA:AACAACCG,Impala
9,C,4,C_4,PNG_17_088,NC2_R_Tag23,NC1_F_Tag33,ATGTTGGC,TCTACTGA,TCTACTGA:ATGTTGGC,Impala
9,D,4,D_4,Primer,NC2_R_Tag24,NC1_F_Tag33,AATGCAGC,TCTACTGA,TCTACTGA:AATGCAGC,Primer
9,E,4,E_4,PNG_17_110,NC2_R_Tag25,NC1_F_Tag33,ACACACAC,TCTACTGA,TCTACTGA:ACACACAC,Warthog
9,F,4,F_4,PNG_17_227,NC2_R_Tag26,NC1_F_Tag33,GTGTACAT,TCTACTGA,TCTACTGA:GTGTACAT,Elephant
9,G,4,G_4,PNG_17_228,NC2_R_Tag27,NC1_F_Tag33,TATGTCAG,TCTACTGA,TCTACTGA:TATGTCAG,Elephant
9,H,4,H_4,PNG_17_112,NC2_R_Tag28,NC1_F_Tag33,TAGTCGCA,TCTACTGA,TCTACTGA:TAGTCGCA,Impala
9,A,5,A_5,PNG_17_114,NC2_R_Tag21,NC1_F_Tag32,TTAACGCG,GCGTCAGC,GCGTCAGC:TTAACGCG,Impala
9,B,5,B_5,PNG_17_138,NC2_R_Tag22,NC1_F_Tag32,AACAACCG,GCGTCAGC,GCGTCAGC:AACAACCG,Impala
9,C,5,C_5,PNG_17_137,NC2_R_Tag23,NC1_F_Tag32,ATGTTGGC,GCGTCAGC,GCGTCAGC:ATGTTGGC,Impala
9,D,5,D_5,PNG_17_127,NC2_R_Tag24,NC1_F_Tag32,AATGCAGC,GCGTCAGC,GCGTCAGC:AATGCAGC,Impala
9,E,5,E_5,Primer,NC2_R_Tag25,NC1_F_Tag32,ACACACAC,GCGTCAGC,GCGTCAGC:ACACACAC,Primer
9,F,5,F_5,PNG_17_113,NC2_R_Tag26,NC1_F_Tag32,GTGTACAT,GCGTCAGC,GCGTCAGC:GTGTACAT,Warthog
9,G,5,G_5,PNG_17_126,NC2_R_Tag27,NC1_F_Tag32,TATGTCAG,GCGTCAGC,GCGTCAGC:TATGTCAG,Impala
9,H,5,H_5,PNG_17_124,NC2_R_Tag28,NC1_F_Tag32,TAGTCGCA,GCGTCAGC,GCGTCAGC:TAGTCGCA,Warthog
9,A,6,A_6,PNG_17_023,NC2_R_Tag21,NC1_F_Tag31,TTAACGCG,CACATGAT,CACATGAT:TTAACGCG,Impala
9,B,6,B_6,PNG_17_024,NC2_R_Tag22,NC1_F_Tag31,AACAACCG,CACATGAT,CACATGAT:AACAACCG,Impala
9,C,6,C_6,PNG_17_030,NC2_R_Tag23,NC1_F_Tag31,ATGTTGGC,CACATGAT,CACATGAT:ATGTTGGC,Impala
9,D,6,D_6,PNG_17_032,NC2_R_Tag24,NC1_F_Tag31,AATGCAGC,CACATGAT,CACATGAT:AATGCAGC,Impala
9,E,6,E_6,PNG_17_033,NC2_R_Tag25,NC1_F_Tag31,ACACACAC,CACATGAT,CACATGAT:ACACACAC,Warthog
9,F,6,F_6,Primer,NC2_R_Tag26,NC1_F_Tag31,GTGTACAT,CACATGAT,CACATGAT:GTGTACAT,Primer
9,G,6,G_6,PNG_17_034,NC2_R_Tag27,NC1_F_Tag31,TATGTCAG,CACATGAT,CACATGAT:TATGTCAG,Warthog
9,H,6,H_6,PNG_17_036,NC2_R_Tag28,NC1_F_Tag31,TAGTCGCA,CACATGAT,CACATGAT:TAGTCGCA,Impala
9,A,7,A_7,PNG_17_038,NC2_R_Tag21,NC1_F_Tag30,TTAACGCG,TCAGTGTC,TCAGTGTC:TTAACGCG,Warthog
9,B,7,B_7,PNG_17_039,NC2_R_Tag22,NC1_F_Tag30,AACAACCG,TCAGTGTC,TCAGTGTC:AACAACCG,Warthog
9,C,7,C_7,PNG_17_040,NC2_R_Tag23,NC1_F_Tag30,ATGTTGGC,TCAGTGTC,TCAGTGTC:ATGTTGGC,Warthog
9,D,7,D_7,PNG_17_041,NC2_R_Tag24,NC1_F_Tag30,AATGCAGC,TCAGTGTC,TCAGTGTC:AATGCAGC,Warthog
9,E,7,E_7,PNG_17_045,NC2_R_Tag25,NC1_F_Tag30,ACACACAC,TCAGTGTC,TCAGTGTC:ACACACAC,Kudu
9,F,7,F_7,PNG_17_046,NC2_R_Tag26,NC1_F_Tag30,GTGTACAT,TCAGTGTC,TCAGTGTC:GTGTACAT,Warthog
9,G,7,G_7,Primer,NC2_R_Tag27,NC1_F_Tag30,TATGTCAG,TCAGTGTC,TCAGTGTC:TATGTCAG,Primer
9,H,7,H_7,PNG_17_048,NC2_R_Tag28,NC1_F_Tag30,TAGTCGCA,TCAGTGTC,TCAGTGTC:TAGTCGCA,Warthog
9,A,8,A_8,PNG_17_054,NC2_R_Tag21,NC1_F_Tag29,TTAACGCG,GTACGACT,GTACGACT:TTAACGCG,Warthog
9,B,8,B_8,PNG_17_055,NC2_R_Tag22,NC1_F_Tag29,AACAACCG,GTACGACT,GTACGACT:AACAACCG,Impala
9,C,8,C_8,PNG_17_058,NC2_R_Tag23,NC1_F_Tag29,ATGTTGGC,GTACGACT,GTACGACT:ATGTTGGC,Impala
9,D,8,D_8,PNG_17_059,NC2_R_Tag24,NC1_F_Tag29,AATGCAGC,GTACGACT,GTACGACT:AATGCAGC,Impala
9,E,8,E_8,PNG_17_064,NC2_R_Tag25,NC1_F_Tag29,ACACACAC,GTACGACT,GTACGACT:ACACACAC,Warthog
9,F,8,F_8,PNG_17_066,NC2_R_Tag26,NC1_F_Tag29,GTGTACAT,GTACGACT,GTACGACT:GTGTACAT,Warthog
9,G,8,G_8,PNG_17_091,NC2_R_Tag27,NC1_F_Tag29,TATGTCAG,GTACGACT,GTACGACT:TATGTCAG,Warthog
9,H,8,H_8,Primer,NC2_R_Tag28,NC1_F_Tag29,TAGTCGCA,GTACGACT,GTACGACT:TAGTCGCA,Primer
9,A,9,A_9,Primer,NC2_R_Tag21,NC1_F_Tag28,TTAACGCG,TAGTCGCA,TAGTCGCA:TTAACGCG,Primer
9,B,9,B_9,PNG_17_222,NC2_R_Tag22,NC1_F_Tag28,AACAACCG,TAGTCGCA,TAGTCGCA:AACAACCG,Elephant
9,C,9,C_9,PNG_17_226,NC2_R_Tag23,NC1_F_Tag28,ATGTTGGC,TAGTCGCA,TAGTCGCA:ATGTTGGC,Elephant
9,D,9,D_9,PNG_17_106,NC2_R_Tag24,NC1_F_Tag28,AATGCAGC,TAGTCGCA,TAGTCGCA:AATGCAGC,Warthog
9,E,9,E_9,PNG_17_108,NC2_R_Tag25,NC1_F_Tag28,ACACACAC,TAGTCGCA,TAGTCGCA:ACACACAC,Warthog
9,F,9,F_9,PNG_17_098,NC2_R_Tag26,NC1_F_Tag28,GTGTACAT,TAGTCGCA,TAGTCGCA:GTGTACAT,Warthog
9,G,9,G_9,PNG_17_100,NC2_R_Tag27,NC1_F_Tag28,TATGTCAG,TAGTCGCA,TAGTCGCA:TATGTCAG,Warthog
9,H,9,H_9,PNG_17_105,NC2_R_Tag28,NC1_F_Tag28,TAGTCGCA,TAGTCGCA,TAGTCGCA:TAGTCGCA,Warthog
9,A,10,A_10,PNG_17_220,NC2_R_Tag21,NC1_F_Tag27,TTAACGCG,TATGTCAG,TATGTCAG:TTAACGCG,Elephant
9,B,10,B_10,Primer,NC2_R_Tag22,NC1_F_Tag27,AACAACCG,TATGTCAG,TATGTCAG:AACAACCG,Primer
9,C,10,C_10,PNG_17_230,NC2_R_Tag23,NC1_F_Tag27,ATGTTGGC,TATGTCAG,TATGTCAG:ATGTTGGC,Elephant
9,D,10,D_10,PNG_17_223,NC2_R_Tag24,NC1_F_Tag27,AATGCAGC,TATGTCAG,TATGTCAG:AATGCAGC,Kudu
9,E,10,E_10,PNG_17_092,NC2_R_Tag25,NC1_F_Tag27,ACACACAC,TATGTCAG,TATGTCAG:ACACACAC,Impala
9,F,10,F_10,PNG_17_099,NC2_R_Tag26,NC1_F_Tag27,GTGTACAT,TATGTCAG,TATGTCAG:GTGTACAT,Impala
9,G,10,G_10,PNG_17_221,NC2_R_Tag27,NC1_F_Tag27,TATGTCAG,TATGTCAG,TATGTCAG:TATGTCAG,Elephant
9,H,10,H_10,JAG15_BU64,NC2_R_Tag28,NC1_F_Tag27,TAGTCGCA,TATGTCAG,TATGTCAG:TAGTCGCA,Buffalo
9,A,11,A_11,JAG15_BU23,NC2_R_Tag21,NC1_F_Tag26,TTAACGCG,GTGTACAT,GTGTACAT:TTAACGCG,Buffalo
9,B,11,B_11,JAG15_BU30,NC2_R_Tag22,NC1_F_Tag26,AACAACCG,GTGTACAT,GTGTACAT:AACAACCG,Buffalo
9,C,11,C_11,Primer,NC2_R_Tag23,NC1_F_Tag26,ATGTTGGC,GTGTACAT,GTGTACAT:ATGTTGGC,Primer
9,D,11,D_11,JAG15_BU46,NC2_R_Tag24,NC1_F_Tag26,AATGCAGC,GTGTACAT,GTGTACAT:AATGCAGC,Buffalo
9,E,11,E_11,JAG15_BU44,NC2_R_Tag25,NC1_F_Tag26,ACACACAC,GTGTACAT,GTGTACAT:ACACACAC,Buffalo
9,F,11,F_11,PNG16_SYCA_19,NC2_R_Tag26,NC1_F_Tag26,GTGTACAT,GTGTACAT,GTGTACAT:GTGTACAT,Buffalo
9,G,11,G_11,PNG16_AEME_20,NC2_R_Tag27,NC1_F_Tag26,TATGTCAG,GTGTACAT,GTGTACAT:TATGTCAG,Impala
9,H,11,H_11,PNG16_AEME_18,NC2_R_Tag28,NC1_F_Tag26,TAGTCGCA,GTGTACAT,GTGTACAT:TAGTCGCA,Impala
9,A,12,A_12,PNG16_PHAF_11,NC2_R_Tag21,NC1_F_Tag25,TTAACGCG,ACACACAC,ACACACAC:TTAACGCG,Warthog
9,B,12,B_12,PNG16_PHAF_14,NC2_R_Tag22,NC1_F_Tag25,AACAACCG,ACACACAC,ACACACAC:AACAACCG,Warthog
9,C,12,C_12,PNG16_PHAF_12,NC2_R_Tag23,NC1_F_Tag25,ATGTTGGC,ACACACAC,ACACACAC:ATGTTGGC,Warthog
9,D,12,D_12,Primer,NC2_R_Tag24,NC1_F_Tag25,AATGCAGC,ACACACAC,ACACACAC:AATGCAGC,Primer
9,E,12,E_12,SER_16_004,NC2_R_Tag25,NC1_F_Tag25,ACACACAC,ACACACAC,ACACACAC:ACACACAC,Buffalo
9,F,12,F_12,SER_16_005,NC2_R_Tag26,NC1_F_Tag25,GTGTACAT,ACACACAC,ACACACAC:GTGTACAT,Warthog
9,G,12,G_12,SER_16_008,NC2_R_Tag27,NC1_F_Tag25,TATGTCAG,ACACACAC,ACACACAC:TATGTCAG,Impala
9,H,12,H_12,SER_16_009,NC2_R_Tag28,NC1_F_Tag25,TAGTCGCA,ACACACAC,ACACACAC:TAGTCGCA,Impala
10,A,1,A_1,Primer,NC2_R_Tag25,NC1_F_Tag12,ACACACAC,GATGACTC,GATGACTC:ACACACAC,Primer
10,B,1,B_1,SER_16_011,NC2_R_Tag26,NC1_F_Tag12,GTGTACAT,GATGACTC,GATGACTC:GTGTACAT,Plains zebra
10,C,1,C_1,SER_16_014,NC2_R_Tag27,NC1_F_Tag12,TATGTCAG,GATGACTC,GATGACTC:TATGTCAG,Impala
10,D,1,D_1,SER_16_015,NC2_R_Tag28,NC1_F_Tag12,TAGTCGCA,GATGACTC,GATGACTC:TAGTCGCA,Impala
10,E,1,E_1,SER_16_016,NC2_R_Tag29,NC1_F_Tag12,GTACGACT,GATGACTC,GATGACTC:GTACGACT,Buffalo
10,F,1,F_1,SER_16_019,NC2_R_Tag30,NC1_F_Tag12,TCAGTGTC,GATGACTC,GATGACTC:TCAGTGTC,Warthog
10,G,1,G_1,SER_16_020,NC2_R_Tag31,NC1_F_Tag12,AGACTATG,GATGACTC,GATGACTC:AGACTATG,Plains zebra
10,H,1,H_1,SER_17_022,NC2_R_Tag32,NC1_F_Tag12,GCGTCAGC,GATGACTC,GATGACTC:GCGTCAGC,Plains zebra
10,A,2,A_2,SER_17_024,NC2_R_Tag25,NC1_F_Tag11,ACACACAC,CTAAGCTC,CTAAGCTC:ACACACAC,Warthog
10,B,2,B_2,Primer,NC2_R_Tag26,NC1_F_Tag11,GTGTACAT,CTAAGCTC,CTAAGCTC:GTGTACAT,Primer
10,C,2,C_2,SER_17_025,NC2_R_Tag27,NC1_F_Tag11,TATGTCAG,CTAAGCTC,CTAAGCTC:TATGTCAG,Warthog
10,D,2,D_2,SER_17_031,NC2_R_Tag28,NC1_F_Tag11,TAGTCGCA,CTAAGCTC,CTAAGCTC:TAGTCGCA,Plains zebra
10,E,2,E_2,SER_17_034,NC2_R_Tag29,NC1_F_Tag11,GTACGACT,CTAAGCTC,CTAAGCTC:GTACGACT,Buffalo
10,F,2,F_2,SER_17_037,NC2_R_Tag30,NC1_F_Tag11,TCAGTGTC,CTAAGCTC,CTAAGCTC:TCAGTGTC,Plains zebra
10,G,2,G_2,SER_17_042,NC2_R_Tag31,NC1_F_Tag11,AGACTATG,CTAAGCTC,CTAAGCTC:AGACTATG,Warthog
10,H,2,H_2,SER_17_043,NC2_R_Tag32,NC1_F_Tag11,GCGTCAGC,CTAAGCTC,CTAAGCTC:GCGTCAGC,Buffalo
10,A,3,A_3,SER_17_044,NC2_R_Tag25,NC1_F_Tag10,ACACACAC,CCGATGTA,CCGATGTA:ACACACAC,Buffalo
10,B,3,B_3,SER_17_052,NC2_R_Tag26,NC1_F_Tag10,GTGTACAT,CCGATGTA,CCGATGTA:GTGTACAT,Impala
10,C,3,C_3,Primer,NC2_R_Tag27,NC1_F_Tag10,TATGTCAG,CCGATGTA,CCGATGTA:TATGTCAG,Primer
10,D,3,D_3,SER_17_054,NC2_R_Tag28,NC1_F_Tag10,TAGTCGCA,CCGATGTA,CCGATGTA:TAGTCGCA,Buffalo
10,E,3,E_3,SER_17_056,NC2_R_Tag29,NC1_F_Tag10,GTACGACT,CCGATGTA,CCGATGTA:GTACGACT,Plains zebra
10,F,3,F_3,SER_17_064,NC2_R_Tag30,NC1_F_Tag10,TCAGTGTC,CCGATGTA,CCGATGTA:TCAGTGTC,Buffalo
10,G,3,G_3,SER_17_068,NC2_R_Tag31,NC1_F_Tag10,AGACTATG,CCGATGTA,CCGATGTA:AGACTATG,Warthog
10,H,3,H_3,SER_17_069,NC2_R_Tag32,NC1_F_Tag10,GCGTCAGC,CCGATGTA,CCGATGTA:GCGTCAGC,Warthog
10,A,4,A_4,SER_17_073,NC2_R_Tag25,NC1_F_Tag9,ACACACAC,CTTCTCGA,CTTCTCGA:ACACACAC,Plains zebra
10,B,4,B_4,SER_17_074,NC2_R_Tag26,NC1_F_Tag9,GTGTACAT,CTTCTCGA,CTTCTCGA:GTGTACAT,Plains zebra
10,C,4,C_4,SER_17_077,NC2_R_Tag27,NC1_F_Tag9,TATGTCAG,CTTCTCGA,CTTCTCGA:TATGTCAG,Warthog
10,D,4,D_4,Primer,NC2_R_Tag28,NC1_F_Tag9,TAGTCGCA,CTTCTCGA,CTTCTCGA:TAGTCGCA,Primer
10,E,4,E_4,SER_17_083,NC2_R_Tag29,NC1_F_Tag9,GTACGACT,CTTCTCGA,CTTCTCGA:GTACGACT,Plains zebra
10,F,4,F_4,SER_17_092,NC2_R_Tag30,NC1_F_Tag9,TCAGTGTC,CTTCTCGA,CTTCTCGA:TCAGTGTC,Plains zebra
10,G,4,G_4,SER_17_093,NC2_R_Tag31,NC1_F_Tag9,AGACTATG,CTTCTCGA,CTTCTCGA:AGACTATG,Plains zebra
10,H,4,H_4,SER_17_094,NC2_R_Tag32,NC1_F_Tag9,GCGTCAGC,CTTCTCGA,CTTCTCGA:GCGTCAGC,Plains zebra
10,A,5,A_5,SER_17_090,NC2_R_Tag25,NC1_F_Tag8,ACACACAC,CGATATCC,CGATATCC:ACACACAC,Buffalo
10,B,5,B_5,SER_17_091,NC2_R_Tag26,NC1_F_Tag8,GTGTACAT,CGATATCC,CGATATCC:GTGTACAT,Plains zebra
10,C,5,C_5,SER_17_088,NC2_R_Tag27,NC1_F_Tag8,TATGTCAG,CGATATCC,CGATATCC:TATGTCAG,Plains zebra
10,D,5,D_5,SER_17_096,NC2_R_Tag28,NC1_F_Tag8,TAGTCGCA,CGATATCC,CGATATCC:TAGTCGCA,Warthog
10,E,5,E_5,Primer,NC2_R_Tag29,NC1_F_Tag8,GTACGACT,CGATATCC,CGATATCC:GTACGACT,Primer
10,F,5,F_5,SER_17_103,NC2_R_Tag30,NC1_F_Tag8,TCAGTGTC,CGATATCC,CGATATCC:TCAGTGTC,Plains zebra
10,G,5,G_5,SER_17_105,NC2_R_Tag31,NC1_F_Tag8,AGACTATG,CGATATCC,CGATATCC:AGACTATG,Buffalo
10,H,5,H_5,SER_17_108,NC2_R_Tag32,NC1_F_Tag8,GCGTCAGC,CGATATCC,CGATATCC:GCGTCAGC,Plains zebra
10,A,6,A_6,SER_17_111,NC2_R_Tag25,NC1_F_Tag7,ACACACAC,CCTCATCT,CCTCATCT:ACACACAC,Plains zebra
10,B,6,B_6,SER_17_113,NC2_R_Tag26,NC1_F_Tag7,GTGTACAT,CCTCATCT,CCTCATCT:GTGTACAT,Warthog
10,C,6,C_6,SER_17_114,NC2_R_Tag27,NC1_F_Tag7,TATGTCAG,CCTCATCT,CCTCATCT:TATGTCAG,Plains zebra
10,D,6,D_6,SER_17_119,NC2_R_Tag28,NC1_F_Tag7,TAGTCGCA,CCTCATCT,CCTCATCT:TAGTCGCA,Plains zebra
10,E,6,E_6,SER_17_120,NC2_R_Tag29,NC1_F_Tag7,GTACGACT,CCTCATCT,CCTCATCT:GTACGACT,Plains zebra
10,F,6,F_6,Primer,NC2_R_Tag30,NC1_F_Tag7,TCAGTGTC,CCTCATCT,CCTCATCT:TCAGTGTC,Primer
10,G,6,G_6,SER_17_121,NC2_R_Tag31,NC1_F_Tag7,AGACTATG,CCTCATCT,CCTCATCT:AGACTATG,Warthog
10,H,6,H_6,SER_17_122,NC2_R_Tag32,NC1_F_Tag7,GCGTCAGC,CCTCATCT,CCTCATCT:GCGTCAGC,Plains zebra
10,A,7,A_7,SER_17_123,NC2_R_Tag25,NC1_F_Tag6,ACACACAC,GATCGGTA,GATCGGTA:ACACACAC,Plains zebra
10,B,7,B_7,SER_17_124,NC2_R_Tag26,NC1_F_Tag6,GTGTACAT,GATCGGTA,GATCGGTA:GTGTACAT,Plains zebra
10,C,7,C_7,SER_17_126,NC2_R_Tag27,NC1_F_Tag6,TATGTCAG,GATCGGTA,GATCGGTA:TATGTCAG,Plains zebra
10,D,7,D_7,SER_17_129,NC2_R_Tag28,NC1_F_Tag6,TAGTCGCA,GATCGGTA,GATCGGTA:TAGTCGCA,Impala
10,E,7,E_7,SER_17_133,NC2_R_Tag29,NC1_F_Tag6,GTACGACT,GATCGGTA,GATCGGTA:GTACGACT,Plains zebra
10,F,7,F_7,SER_17_134,NC2_R_Tag30,NC1_F_Tag6,TCAGTGTC,GATCGGTA,GATCGGTA:TCAGTGTC,Plains zebra
10,G,7,G_7,Primer,NC2_R_Tag31,NC1_F_Tag6,AGACTATG,GATCGGTA,GATCGGTA:AGACTATG,Primer
10,H,7,H_7,SER_17_135,NC2_R_Tag32,NC1_F_Tag6,GCGTCAGC,GATCGGTA,GATCGGTA:GCGTCAGC,Plains zebra
10,A,8,A_8,SER_17_144,NC2_R_Tag25,NC1_F_Tag5,ACACACAC,CACTAGTC,CACTAGTC:ACACACAC,Plains zebra
10,B,8,B_8,SER_17_143,NC2_R_Tag26,NC1_F_Tag5,GTGTACAT,CACTAGTC,CACTAGTC:GTGTACAT,Plains zebra
10,C,8,C_8,SER_17_150,NC2_R_Tag27,NC1_F_Tag5,TATGTCAG,CACTAGTC,CACTAGTC:TATGTCAG,Impala
10,D,8,D_8,SER_17_151,NC2_R_Tag28,NC1_F_Tag5,TAGTCGCA,CACTAGTC,CACTAGTC:TAGTCGCA,Impala
10,E,8,E_8,SER_17_152,NC2_R_Tag29,NC1_F_Tag5,GTACGACT,CACTAGTC,CACTAGTC:GTACGACT,Impala
10,F,8,F_8,SER_17_153,NC2_R_Tag30,NC1_F_Tag5,TCAGTGTC,CACTAGTC,CACTAGTC:TCAGTGTC,Impala
10,G,8,G_8,SER_17_156,NC2_R_Tag31,NC1_F_Tag5,AGACTATG,CACTAGTC,CACTAGTC:AGACTATG,Warthog
10,H,8,H_8,Primer,NC2_R_Tag32,NC1_F_Tag5,GCGTCAGC,CACTAGTC,CACTAGTC:GCGTCAGC,Primer
10,A,9,A_9,Primer,NC2_R_Tag25,NC1_F_Tag4,ACACACAC,GGTCTACA,GGTCTACA:ACACACAC,Primer
10,B,9,B_9,SER_17_158,NC2_R_Tag26,NC1_F_Tag4,GTGTACAT,GGTCTACA,GGTCTACA:GTGTACAT,Buffalo
10,C,9,C_9,SER_17_252,NC2_R_Tag27,NC1_F_Tag4,TATGTCAG,GGTCTACA,GGTCTACA:TATGTCAG,Warthog
10,D,9,D_9,SER_17_257,NC2_R_Tag28,NC1_F_Tag4,TAGTCGCA,GGTCTACA,GGTCTACA:TAGTCGCA,Impala
10,E,9,E_9,SER_17_258,NC2_R_Tag29,NC1_F_Tag4,GTACGACT,GGTCTACA,GGTCTACA:GTACGACT,Buffalo
10,F,9,F_9,SER_17_262,NC2_R_Tag30,NC1_F_Tag4,TCAGTGTC,GGTCTACA,GGTCTACA:TCAGTGTC,Buffalo
10,G,9,G_9,SER_17_279,NC2_R_Tag31,NC1_F_Tag4,AGACTATG,GGTCTACA,GGTCTACA:AGACTATG,Impala
10,H,9,H_9,SER_17_280,NC2_R_Tag32,NC1_F_Tag4,GCGTCAGC,GGTCTACA,GGTCTACA:GCGTCAGC,Impala
10,A,10,A_10,SER_17_277,NC2_R_Tag25,NC1_F_Tag3,ACACACAC,CTATGGAG,CTATGGAG:ACACACAC,Impala
10,B,10,B_10,Primer,NC2_R_Tag26,NC1_F_Tag3,GTGTACAT,CTATGGAG,CTATGGAG:GTGTACAT,Primer
10,C,10,C_10,SER_17_278,NC2_R_Tag27,NC1_F_Tag3,TATGTCAG,CTATGGAG,CTATGGAG:TATGTCAG,Impala
10,D,10,D_10,SER_17_281,NC2_R_Tag28,NC1_F_Tag3,TAGTCGCA,CTATGGAG,CTATGGAG:TAGTCGCA,Impala
10,E,10,E_10,SER_17_235,NC2_R_Tag29,NC1_F_Tag3,GTACGACT,CTATGGAG,CTATGGAG:GTACGACT,Impala
10,F,10,F_10,SER_17_128,NC2_R_Tag30,NC1_F_Tag3,TCAGTGTC,CTATGGAG,CTATGGAG:TCAGTGTC,Plains zebra
10,G,10,G_10,SER_17_291,NC2_R_Tag31,NC1_F_Tag3,AGACTATG,CTATGGAG,CTATGGAG:AGACTATG,Impala
10,H,10,H_10,SER_17_295,NC2_R_Tag32,NC1_F_Tag3,GCGTCAGC,CTATGGAG,CTATGGAG:GCGTCAGC,Impala
10,A,11,A_11,SER_17_296,NC2_R_Tag25,NC1_F_Tag2,ACACACAC,CCTATAGC,CCTATAGC:ACACACAC,Impala
10,B,11,B_11,SER_17_309,NC2_R_Tag26,NC1_F_Tag2,GTGTACAT,CCTATAGC,CCTATAGC:GTGTACAT,Buffalo
10,C,11,C_11,Primer,NC2_R_Tag27,NC1_F_Tag2,TATGTCAG,CCTATAGC,CCTATAGC:TATGTCAG,Primer
10,D,11,D_11,SER_17_292,NC2_R_Tag28,NC1_F_Tag2,TAGTCGCA,CCTATAGC,CCTATAGC:TAGTCGCA,Impala
10,E,11,E_11,SER_17_293,NC2_R_Tag29,NC1_F_Tag2,GTACGACT,CCTATAGC,CCTATAGC:GTACGACT,Impala
10,F,11,F_11,SER_17_294,NC2_R_Tag30,NC1_F_Tag2,TCAGTGTC,CCTATAGC,CCTATAGC:TCAGTGTC,Impala
10,G,11,G_11,KNP_17_032,NC2_R_Tag31,NC1_F_Tag2,AGACTATG,CCTATAGC,CCTATAGC:AGACTATG,Plains zebra
10,H,11,H_11,KNP_17_033,NC2_R_Tag32,NC1_F_Tag2,GCGTCAGC,CCTATAGC,CCTATAGC:GCGTCAGC,Plains zebra
10,A,12,A_12,KNP_16_003,NC2_R_Tag25,NC1_F_Tag1,ACACACAC,GAGAGAGT,GAGAGAGT:ACACACAC,Impala
10,B,12,B_12,KNP_16_001,NC2_R_Tag26,NC1_F_Tag1,GTGTACAT,GAGAGAGT,GAGAGAGT:GTGTACAT,Impala
10,C,12,C_12,KNP_16_002,NC2_R_Tag27,NC1_F_Tag1,TATGTCAG,GAGAGAGT,GAGAGAGT:TATGTCAG,Impala
10,D,12,D_12,Primer,NC2_R_Tag28,NC1_F_Tag1,TAGTCGCA,GAGAGAGT,GAGAGAGT:TAGTCGCA,Primer
10,E,12,E_12,KNP_17_001,NC2_R_Tag29,NC1_F_Tag1,GTACGACT,GAGAGAGT,GAGAGAGT:GTACGACT,Impala
10,F,12,F_12,KNP_17_002,NC2_R_Tag30,NC1_F_Tag1,TCAGTGTC,GAGAGAGT,GAGAGAGT:TCAGTGTC,Impala
10,G,12,G_12,NEG,NC2_R_Tag31,NC1_F_Tag1,AGACTATG,GAGAGAGT,GAGAGAGT:AGACTATG,NEG
10,H,12,H_12,POS,NC2_R_Tag32,NC1_F_Tag1,GCGTCAGC,GAGAGAGT,GAGAGAGT:GCGTCAGC,POS
